Time Start, Time End, x, y, Qx, Qy
1670599152408, 1670599152433, 1025.9364668631322, -26.387019589758523, 1020.0, 0.0
1670599152439, 1670599152471, 1010.5860371283868, -23.86850503612625, 1020.0, 0.0
1670599152478, 1670599152502, 1005.4692272168049, -23.029000184915493, 1020.0, 0.0
1670599152524, 1670599152528, 1002.910822261014, -22.609247759310115, 1020.0, 0.0
1670599152537, 1670599152553, 996.908689287422, -20.891231088710533, 1020.0, 0.0
1670599152565, 1670599152582, 992.9072673050274, -19.745886641644145, 1020.0, 0.0
1670599152596, 1670599152613, 987.5394905076743, -21.51998784365614, 960.0, 0.0
1670599152621, 1670599152633, 981.2000244060523, -21.816166576198285, 960.0, 0.0
1670599152646, 1670599152680, 976.2693285492351, -22.046527812619956, 960.0, 0.0
1670599152682, 1670599152701, 972.3247718637814, -22.230816801757292, 960.0, 0.0
1670599152706, 1670599152716, 969.0974073029556, -22.381598701960566, 960.0, 0.0
1670599152736, 1670599152763, 966.0128005323261, -19.17492467398644, 960.0, 0.0
1670599152764, 1670599152790, 963.4027486494856, -16.461585111854482, 960.0, 0.0
1670599152792, 1670599152839, 961.1655613213367, -14.135865487169948, 960.0, 0.0
1670599152848, 1670599152861, 959.226665636941, -12.120241812443352, 960.0, 0.0
1670599152871, 1670599152880, 952.9697095830921, -9.287874530877518, 960.0, 0.0
1670599152894, 1670599152912, 948.7053516812508, -5.599714754315148, 960.0, 0.0
1670599152918, 1670599152940, 944.4409937794095, -1.9115549777527776, 960.0, 0.0
1670599152945, 1670599152965, 940.1389295716226, 2.064680835070746, 960.0, 0.0
1670599152971, 1670599152991, 936.3254216039829, 5.588049419581352, 960.0, 0.0
1670599152997, 1670599153020, 932.5119136363431, 9.111418004091957, 960.0, 0.0
1670599153026, 1670599153032, 930.8700346065621, 13.80862745513109, 960.0, 0.0
1670599153038, 1670599153068, 930.4702007292929, 19.074417261001262, 960.0, 0.0
1670599153073, 1670599153082, 930.0703668520235, 24.340207066871436, 960.0, 0.0
1670599153094, 1670599153114, 929.6705329747543, 29.60599687274161, 900.0, 0.0
1670599153120, 1670599153138, 929.2706990974851, 34.871786678611784, 900.0, 60.0
1670599153144, 1670599153164, 929.1869742628357, 37.47171599530047, 900.0, 60.0
1670599153169, 1670599153192, 929.1032494281864, 40.07164531198916, 900.0, 60.0
1670599153197, 1670599153254, 931.3820294977291, 45.19029306509159, 960.0, 60.0
1670599153266, 1670599153319, 933.6608095672719, 50.308940818194024, 960.0, 60.0
1670599153321, 1670599153342, 935.9395896368146, 55.427588571296454, 960.0, 60.0
1670599153344, 1670599153367, 938.2724955189827, 59.354641888918046, 960.0, 60.0
1670599153374, 1670599153404, 941.1121677016534, 63.909586660247356, 960.0, 60.0
1670599153410, 1670599153433, 943.9895461902697, 68.17645539531551, 960.0, 60.0
1670599153439, 1670599153469, 948.9570622057171, 71.17466363881945, 960.0, 60.0
1670599153473, 1670599153527, 953.9245782211643, 74.1728718823234, 960.0, 60.0
1670599153532, 1670599153577, 957.8916204767196, 77.20693463592656, 960.0, 60.0
1670599153578, 1670599153608, 967.6504955548389, 84.73509379044881, 960.0, 60.0
1670599153629, 1670599153641, 983.1858830752168, 97.84790032602791, 960.0, 120.0
1670599153645, 1670599153768, 1006.9675115333462, 117.70649293892897, 1020.0, 120.0
1670599153776, 1670599153826, 1030.7491399914757, 137.56508555183004, 1020.0, 120.0
1670599153828, 1670599153852, 1054.530768449605, 157.4236781647311, 1080.0, 180.0
1670599153854, 1670599153880, 1078.3123969077344, 177.28227077763214, 1080.0, 180.0
1670599153893, 1670599153907, 1099.7315204616716, 194.62214495411945, 1080.0, 180.0
1670599153919, 1670599153950, 1091.5998887155843, 184.79520470054024, 1080.0, 180.0
1670599153959, 1670599153980, 1023.9708007163171, 126.28247787538663, 1020.0, 120.0
1670599153986, 1670599154057, 956.3417127170499, 67.76975105023304, 960.0, 60.0
1670599154105, 1670599154187, 888.20585841728, 8.629132771371731, 900.0, 0.0
1670599154193, 1670599154212, 820.0700041175102, -50.511485507489574, 840.0, -60.0
1670599154222, 1670599154240, 779.3671637694389, -84.48066253002699, 780.0, -60.0
1670599154247, 1670599154268, 738.6643234213676, -118.4498395525644, 720.0, -120.0
1670599154271, 1670599154290, 707.4819628141905, -144.42525082097205, 720.0, -120.0
1670599154292, 1670599154316, 670.4996621005279, -176.01501733524555, 660.0, -180.0
1670599154322, 1670599154334, 627.7408489446069, -213.18943123057585, 600.0, -240.0
1670599154336, 1670599154360, 577.0100777526488, -258.45037585763004, 600.0, -240.0
1670599154366, 1670599154405, 514.022433424318, -316.73001840992873, 540.0, -300.0
1670599154411, 1670599154437, 451.0347890959873, -375.00966096222743, 480.0, -360.0
1670599154443, 1670599154464, 389.27880532617746, -433.5369134845737, 360.0, -420.0
1670599154469, 1670599154492, 338.1159646085996, -482.53930390511545, 360.0, -480.0
1670599154498, 1670599154519, 316.50387919104645, -504.37487989559065, 300.0, -480.0
1670599154524, 1670599154564, 354.389250026673, -477.5246693144915, 360.0, -480.0
1670599154567, 1670599154598, 391.8872569714156, -449.236495952452, 420.0, -420.0
1670599154604, 1670599154622, 429.3852639161581, -420.9483225904125, 420.0, -420.0
1670599154628, 1670599154646, 453.91111444415134, -407.38915055385036, 480.0, -420.0
1670599154652, 1670599154674, 462.88644367025637, -403.0396124666697, 480.0, -420.0
1670599154680, 1670599154698, 458.88961647961196, -413.4190757049664, 480.0, -420.0
1670599154706, 1670599154739, 458.12080049827676, -420.8416784336904, 480.0, -420.0
1670599154743, 1670599154768, 463.12921101395597, -422.67998204913215, 480.0, -420.0
1670599154768, 1670599154799, 471.61385758880243, -421.15610523432093, 480.0, -420.0
1670599154818, 1670599154978, 482.63912782803027, -414.0838666134214, 480.0, -420.0
1670599155004, 1670599155059, 505.92127120363085, -393.99293006727737, 480.0, -420.0
1670599155067, 1670599155089, 529.2034145792313, -373.9019935211333, 540.0, -360.0
1670599155092, 1670599155118, 551.253897396311, -353.5634470049418, 540.0, -360.0
1670599155139, 1670599155173, 562.7112371611587, -342.74976259055467, 540.0, -360.0
1670599155183, 1670599155201, 572.9486401875861, -331.7300270847148, 600.0, -360.0
1670599155208, 1670599155229, 583.1860432140135, -320.71029157887483, 600.0, -300.0
1670599155235, 1670599155260, 593.8108101313248, -311.1285188539753, 600.0, -300.0
1670599155260, 1670599155287, 605.1957472947838, -300.317884692871, 600.0, -300.0
1670599155297, 1670599155320, 629.5528408749922, -274.7782492062894, 600.0, -300.0
1670599155337, 1670599155354, 640.5499092109411, -262.63730640527893, 660.0, -240.0
1670599155366, 1670599155390, 664.5191339636395, -235.76736227879115, 660.0, -240.0
1670599155395, 1670599155419, 671.0968880246966, -219.86517400994074, 660.0, -240.0
1670599155424, 1670599155443, 671.0802558170739, -209.62123066886429, 660.0, -180.0
1670599155449, 1670599155474, 670.1995710285668, -199.30978126919288, 660.0, -180.0
1670599155483, 1670599155501, 668.2782624592378, -190.3233506015552, 660.0, -180.0
1670599155510, 1670599155529, 666.3569538899087, -181.33691993391753, 660.0, -180.0
1670599155543, 1670599155558, 663.5238777064113, -174.40145250204114, 660.0, -180.0
1670599155569, 1670599155595, 660.690801522914, -167.46598507016472, 660.0, -180.0
1670599155603, 1670599155638, 657.0051940398713, -159.48711630757526, 660.0, -180.0
1670599155640, 1670599155670, 652.0000819236622, -154.18147449598004, 660.0, -180.0
1670599155678, 1670599155696, 646.9219261415517, -150.73966887949254, 660.0, -180.0
1670599155705, 1670599155729, 641.8340880470861, -148.2715742118082, 660.0, -120.0
1670599155737, 1670599155757, 636.8032394781379, -146.95839516583692, 660.0, -120.0
1670599155766, 1670599155784, 631.7723909091899, -145.64521611986567, 660.0, -120.0
1670599155790, 1670599155809, 627.1294111677518, -145.66234571380053, 600.0, -120.0
1670599155814, 1670599155833, 620.3797572894215, -147.61660293703846, 600.0, -120.0
1670599155838, 1670599155857, 615.1112844488407, -152.4417112511021, 600.0, -180.0
1670599155862, 1670599155899, 611.8540677202535, -153.43495400428256, 600.0, -180.0
1670599155907, 1670599155924, 605.9846675133834, -157.85788324631088, 600.0, -180.0
1670599155932, 1670599155967, 601.9645275456108, -162.6642140554221, 600.0, -180.0
1670599155972, 1670599155992, 600.599150059798, -163.93515886190468, 600.0, -180.0
1670599156000, 1670599156033, 601.3105619747834, -162.19120576453946, 600.0, -180.0
1670599156039, 1670599156060, 602.0219738897686, -160.44725266717427, 600.0, -180.0
1670599156067, 1670599156087, 602.4208953176694, -160.71063556860864, 600.0, -180.0
1670599156093, 1670599156105, 603.7189469899704, -159.84349716144223, 600.0, -180.0
1670599156118, 1670599156140, 605.1184699847096, -158.14595807217998, 600.0, -180.0
1670599156153, 1670599156167, 608.1838816518449, -154.14254831300693, 600.0, -180.0
1670599156177, 1670599156197, 608.775927187274, -151.54524408943314, 600.0, -180.0
1670599156201, 1670599156224, 609.367972722703, -148.94793986585938, 600.0, -120.0
1670599156231, 1670599156277, 607.515003777281, -149.40811537806127, 600.0, -120.0
1670599156279, 1670599156302, 611.3943089114517, -143.82818912678195, 600.0, -120.0
1670599156304, 1670599156324, 618.4354127493112, -135.36028219074205, 600.0, -120.0
1670599156336, 1670599156349, 624.2824202468422, -130.65029500109367, 600.0, -120.0
1670599156360, 1670599156371, 632.4758011386349, -124.96468529175218, 660.0, -120.0
1670599156373, 1670599156392, 637.0456390060561, -121.77827243498045, 660.0, -120.0
1670599156406, 1670599156462, 636.4258911055235, -125.28362693573443, 660.0, -120.0
1670599156465, 1670599156502, 632.9546118246981, -130.63842939985705, 660.0, -120.0
1670599156505, 1670599156531, 629.4833325438725, -135.99323186397964, 600.0, -120.0
1670599156535, 1670599156541, 627.1770750496765, -140.38409966001572, 600.0, -120.0
1670599156549, 1670599156571, 626.5111286826674, -143.43831290511113, 600.0, -120.0
1670599156583, 1670599156602, 629.3192016097972, -140.2729736600093, 600.0, -120.0
1670599156604, 1670599156617, 626.8481553944177, -142.50902022170226, 600.0, -120.0
1670599156628, 1670599156650, 626.0333155390792, -143.4129070622876, 600.0, -120.0
1670599156652, 1670599156672, 619.1292393744668, -150.94390810108155, 600.0, -180.0
1670599156681, 1670599156695, 614.6701776907056, -155.41742940409986, 600.0, -180.0
1670599156707, 1670599156722, 606.5855160642436, -163.99392484129635, 600.0, -180.0
1670599156731, 1670599156750, 603.2251667220953, -168.5467101104167, 600.0, -180.0
1670599156760, 1670599156777, 600.7685444660854, -173.08591377647113, 600.0, -180.0
1670599156790, 1670599156805, 600.667703106261, -174.5408475721968, 600.0, -180.0
1670599156818, 1670599156828, 600.5668617464368, -175.9957813679225, 600.0, -180.0
1670599156834, 1670599156852, 598.2986893821591, -178.35422619877292, 600.0, -180.0
1670599156864, 1670599156893, 603.8203313664227, -169.94706189493184, 600.0, -180.0
1670599156895, 1670599156923, 609.2693783868689, -160.51266647322853, 600.0, -180.0
1670599156934, 1670599156954, 614.718425407315, -151.07827105152523, 600.0, -180.0
1670599156960, 1670599156983, 617.6338629314099, -144.7680085495116, 600.0, -120.0
1670599156986, 1670599157006, 614.6322157530569, -145.6413951620337, 600.0, -120.0
1670599157009, 1670599157028, 611.1753654570331, -145.74730777358633, 600.0, -120.0
1670599157032, 1670599157052, 613.3902364775288, -140.0816465848431, 600.0, -120.0
1670599157062, 1670599157076, 621.6943438072984, -127.78887119789121, 600.0, -120.0
1670599157086, 1670599157101, 629.9984511370681, -115.49609581093934, 600.0, -120.0
1670599157114, 1670599157126, 638.3025584668377, -103.20332042398746, 660.0, -120.0
1670599157128, 1670599157154, 645.2831592828721, -92.40920828710863, 660.0, -120.0
1670599157157, 1670599157177, 651.3600330127683, -81.62867775329573, 660.0, -60.0
1670599157188, 1670599157202, 649.3632769764954, -78.45613822907288, 660.0, -60.0
1670599157211, 1670599157229, 647.3665209402225, -75.28359870485004, 660.0, -60.0
1670599157241, 1670599157256, 646.6084710056335, -70.66239092928438, 660.0, -60.0
1670599157265, 1670599157293, 644.9436344112065, -70.95708414735903, 660.0, -60.0
1670599157296, 1670599157322, 640.5718469695589, -74.24786101183831, 660.0, -60.0
1670599157344, 1670599157357, 636.2000595279113, -77.5386378763176, 660.0, -60.0
1670599157372, 1670599157386, 634.3907773402133, -78.75826572078135, 660.0, -60.0
1670599157400, 1670599157416, 635.0754979071803, -79.07792540342085, 660.0, -60.0
1670599157429, 1670599157444, 630.342970657324, -83.17781662038726, 660.0, -60.0
1670599157455, 1670599157474, 598.7613818010734, -108.51817478914126, 600.0, -120.0
1670599157481, 1670599157501, 567.1748220638767, -132.80940854706213, 540.0, -120.0
1670599157509, 1670599157525, 560.5195069852724, -137.34989685716369, 540.0, -120.0
1670599157535, 1670599157549, 553.8641919066681, -141.8903851672652, 540.0, -120.0
1670599157562, 1670599157584, 543.0163753750094, -149.0018701693181, 540.0, -120.0
1670599157588, 1670599157609, 532.1685588433506, -156.11335517137098, 540.0, -180.0
1670599157616, 1670599157644, 524.6922177874137, -159.67674155385563, 540.0, -180.0
1670599157654, 1670599157675, 517.2158767314767, -163.2401279363403, 540.0, -180.0
1670599157678, 1670599157689, 513.202983864303, -164.19229018014593, 540.0, -180.0
1670599157697, 1670599157720, 503.99357290208957, -170.10864726972068, 480.0, -180.0
1670599157727, 1670599157749, 498.4012303789144, -172.9948889389288, 480.0, -180.0
1670599157753, 1670599157771, 492.0643544281982, -175.95783711311844, 480.0, -180.0
1670599157776, 1670599157811, 493.95164023574335, -171.134835429163, 480.0, -180.0
1670599157822, 1670599157846, 495.04249338439297, -165.2842653536893, 480.0, -180.0
1670599157856, 1670599157874, 509.71417087420997, -148.86304703577335, 480.0, -120.0
1670599157884, 1670599157896, 545.5631886539018, -116.97293556636568, 540.0, -120.0
1670599157908, 1670599157919, 580.16189734905, -86.9694781198376, 600.0, -60.0
1670599157930, 1670599157964, 589.8293613856059, -76.71676612112886, 600.0, -60.0
1670599157978, 1670599157997, 600.7521053876513, -65.62652451037361, 600.0, -60.0
1670599158002, 1670599158019, 611.2112651066831, -55.3278627377166, 600.0, -60.0
1670599158022, 1670599158044, 621.8792252700083, -44.09070507906276, 600.0, -60.0
1670599158050, 1670599158069, 633.9897737251987, -31.083046747227876, 660.0, -60.0
1670599158074, 1670599158096, 646.3647325066229, -17.146714917041585, 660.0, 0.0
1670599158104, 1670599158124, 659.0520937758454, -2.277448090802608, 660.0, 0.0
1670599158130, 1670599158154, 671.7394550450678, 12.591818735436368, 660.0, 0.0
1670599158161, 1670599158211, 684.1542602767508, 26.912171559205678, 660.0, 0.0
1670599158217, 1670599158228, 697.313598935975, 41.30923088795654, 720.0, 60.0
1670599158230, 1670599158257, 702.7998201498767, 49.105404588451925, 720.0, 60.0
1670599158262, 1670599158280, 709.0031090197808, 56.97157387295518, 720.0, 60.0
1670599158285, 1670599158317, 705.957417108771, 55.468887452908646, 720.0, 60.0
1670599158326, 1670599158344, 702.9117251977611, 53.96620103286211, 720.0, 60.0
1670599158365, 1670599158387, 697.0279487748301, 50.57903119504993, 720.0, 60.0
1670599158401, 1670599158420, 678.4894496106702, 39.10865729041447, 660.0, 60.0
1670599158425, 1670599158444, 675.4437576996604, 37.60597087036793, 660.0, 60.0
1670599158446, 1670599158467, 669.5599812767294, 34.21880103255575, 660.0, 60.0
1670599158473, 1670599158504, 663.467404409505, 29.893135308746743, 660.0, 0.0
1670599158515, 1670599158567, 655.9322392504153, 23.796968911756696, 660.0, 0.0
1670599158572, 1670599158587, 648.1326637650918, 16.77212901641524, 660.0, 0.0
1670599158592, 1670599158620, 644.7764668520584, 11.646460287644857, 660.0, 0.0
1670599158639, 1670599158654, 641.4202699390252, 6.520791558874475, 660.0, 0.0
1670599158665, 1670599158679, 637.4991064355307, 0.8827739407495301, 660.0, 0.0
1670599158689, 1670599158705, 625.3256575897542, -11.473631219179508, 600.0, 0.0
1670599158718, 1670599158733, 612.5722686734405, -23.962116709324057, 600.0, 0.0
1670599158743, 1670599158758, 599.8188797571268, -36.450602199468605, 600.0, -60.0
1670599158765, 1670599158788, 592.2290109975222, -43.058896608461076, 600.0, -60.0
1670599158803, 1670599158824, 584.6391422379177, -49.66719101745354, 600.0, -60.0
1670599158832, 1670599158846, 586.6908991144642, -49.647386018564916, 600.0, -60.0
1670599158848, 1670599158873, 596.5338176174647, -45.33076189964118, 600.0, -60.0
1670599158879, 1670599158902, 589.6286489018257, -51.81935487735285, 600.0, -60.0
1670599158908, 1670599158933, 586.8168446635975, -55.585934825252394, 600.0, -60.0
1670599158945, 1670599158962, 584.0050404253693, -59.35251477315194, 600.0, -60.0
1670599158972, 1670599158985, 589.4454429673548, -56.41478350548806, 600.0, -60.0
1670599158985, 1670599159015, 594.8858455093404, -53.47705223782418, 600.0, -60.0
1670599159028, 1670599159044, 596.2811966974216, -53.27040561210409, 600.0, -60.0
1670599159052, 1670599159072, 597.6765478855027, -53.063758986384, 600.0, -60.0
1670599159078, 1670599159099, 599.071899073584, -52.85711236066391, 600.0, -60.0
1670599159105, 1670599159115, 608.7195356039473, -45.93207819313973, 600.0, -60.0
1670599159119, 1670599159143, 618.3671721343106, -39.00704402561554, 600.0, -60.0
1670599159149, 1670599159176, 628.014808664674, -32.08200985809136, 600.0, -60.0
1670599159181, 1670599159208, 637.6624451950373, -25.156975690567176, 660.0, 0.0
1670599159214, 1670599159255, 647.3100817254007, -18.231941523042995, 660.0, 0.0
1670599159265, 1670599159282, 651.3546776459646, -16.23598299338278, 660.0, 0.0
1670599159289, 1670599159332, 660.2683148839129, -11.503098830803756, 660.0, 0.0
1670599159337, 1670599159355, 669.2494267414348, -7.856271921804716, 660.0, 0.0
1670599159361, 1670599159380, 678.2305385989566, -4.209445012805674, 660.0, 0.0
1670599159385, 1670599159405, 686.3319859546211, 0.47897529935308397, 660.0, 0.0
1670599159409, 1670599159431, 686.3319859546211, 0.47897529935308397, 660.0, 0.0
1670599159436, 1670599159454, 686.3319859546211, 0.47897529935308397, 660.0, 0.0
1670599159460, 1670599159477, 689.7036160952488, 3.824423520436283, 660.0, 0.0
1670599159483, 1670599159492, 691.8884618843032, 6.330224888000408, 720.0, 0.0
1670599159498, 1670599159554, 686.945325410907, 2.510201288859612, 660.0, 0.0
1670599159559, 1670599159581, 686.1318925283811, 1.4118913954069734, 660.0, 0.0
1670599159592, 1670599159621, 685.318459645855, 0.3135815019543349, 660.0, 0.0
1670599159629, 1670599159648, 684.505026763329, -0.7847283914983038, 660.0, 0.0
1670599159654, 1670599159674, 683.691593880803, -1.8830382849509424, 660.0, 0.0
1670599159682, 1670599159703, 682.878160998277, -2.981348178403581, 660.0, 0.0
1670599159714, 1670599159729, 682.2222107431521, -2.0593804392885446, 660.0, 0.0
1670599159743, 1670599159757, 681.5607802854174, -0.0879533863041497, 660.0, 0.0
1670599159769, 1670599159787, 681.2044126244488, 4.933833143707626, 660.0, 0.0
1670599159795, 1670599159812, 680.8480449634801, 9.955619673719402, 660.0, 0.0
1670599159817, 1670599159838, 681.3713418043687, 13.93581280057146, 660.0, 0.0
1670599159839, 1670599159872, 681.7438792207081, 15.900115024018861, 660.0, 0.0
1670599159878, 1670599159896, 683.9980277188737, 19.239306247947187, 660.0, 0.0
1670599159901, 1670599159920, 683.2116786959775, 19.969191377373498, 660.0, 0.0
1670599159927, 1670599159951, 683.6121140246548, 21.538723360318883, 660.0, 0.0
1670599159957, 1670599159994, 691.7690497063805, 29.574241925635874, 720.0, 0.0
1670599159994, 1670599160023, 695.7962817972361, 34.88804678526471, 720.0, 60.0
1670599160025, 1670599160046, 700.3937422612968, 39.782586617671285, 720.0, 60.0
1670599160052, 1670599160071, 706.5451645855478, 45.45021741958386, 720.0, 60.0
1670599160074, 1670599160099, 711.8734778014921, 49.43997068089165, 720.0, 60.0
1670599160103, 1670599160125, 717.2017910174362, 53.42972394219944, 720.0, 60.0
1670599160132, 1670599160166, 722.4274010570384, 56.42218883073456, 720.0, 60.0
1670599160178, 1670599160200, 728.582877864554, 58.423863485299755, 720.0, 60.0
1670599160204, 1670599160222, 734.6727857475876, 59.961174799533225, 720.0, 60.0
1670599160238, 1670599160251, 740.7626936306211, 61.4984861137667, 720.0, 60.0
1670599160264, 1670599160276, 748.1003260723546, 64.5704243307179, 720.0, 60.0
1670599160279, 1670599160321, 755.2976810415454, 67.43826648667178, 780.0, 60.0
1670599160322, 1670599160345, 760.61342492891, 68.93121964214474, 780.0, 60.0
1670599160356, 1670599160372, 765.7086943854639, 69.66010705788366, 780.0, 60.0
1670599160378, 1670599160400, 770.8039638420178, 70.3889944736226, 780.0, 60.0
1670599160404, 1670599160425, 776.4283243504128, 72.31901339215476, 780.0, 60.0
1670599160433, 1670599160450, 782.0526848588078, 74.24903231068691, 780.0, 60.0
1670599160460, 1670599160475, 787.989049136382, 77.6770221771929, 780.0, 60.0
1670599160491, 1670599160501, 793.0602061789854, 81.22777100790249, 780.0, 60.0
1670599160515, 1670599160534, 798.8024855889906, 87.53326101144876, 780.0, 60.0
1670599160539, 1670599160558, 804.5447649989959, 93.83875101499501, 780.0, 120.0
1670599160563, 1670599160584, 811.2746477250807, 101.5741511016382, 840.0, 120.0
1670599160590, 1670599160612, 816.8511346391178, 111.8776173110334, 840.0, 120.0
1670599160618, 1670599160640, 822.1206530612976, 120.68114463731294, 840.0, 120.0
1670599160648, 1670599160666, 827.3901714834774, 129.48467196359246, 840.0, 120.0
1670599160671, 1670599160689, 831.4119653469572, 136.7535723871543, 840.0, 120.0
1670599160696, 1670599160735, 835.5740366829798, 144.2265688717134, 840.0, 120.0
1670599160744, 1670599160763, 840.2304640525584, 151.7630874283643, 840.0, 180.0
1670599160769, 1670599160792, 844.0655035271978, 159.22650807748803, 840.0, 180.0
1670599160797, 1670599160833, 847.6128299311586, 168.19001403762212, 840.0, 180.0
1670599160835, 1670599160863, 850.0025471926803, 175.8122268792963, 840.0, 180.0
1670599160870, 1670599160889, 852.3922644542018, 183.4344397209705, 840.0, 180.0
1670599160894, 1670599160918, 853.8976622800129, 190.99217264049005, 840.0, 180.0
1670599160921, 1670599160948, 854.305820090883, 198.08798455200517, 840.0, 180.0
1670599160956, 1670599160976, 855.5485764750903, 205.18186685821144, 840.0, 180.0
1670599160986, 1670599161019, 856.7913328592975, 212.27574916441768, 840.0, 240.0
1670599161021, 1670599161044, 857.0464859274251, 217.93972138752702, 840.0, 240.0
1670599161046, 1670599161067, 855.8291028707895, 221.80872704971534, 840.0, 240.0
1670599161071, 1670599161111, 854.8214918646944, 226.66985826087475, 840.0, 240.0
1670599161112, 1670599161134, 855.7659091922609, 233.27114005013718, 840.0, 240.0
1670599161147, 1670599161175, 856.7103265198273, 239.87242183939958, 840.0, 240.0
1670599161178, 1670599161199, 857.6547438473937, 246.473703628662, 840.0, 240.0
1670599161205, 1670599161223, 857.3869622196669, 252.91961734599118, 840.0, 240.0
1670599161229, 1670599161238, 856.5966709995828, 259.2862312106415, 840.0, 240.0
1670599161251, 1670599161271, 855.5918745682602, 264.0763110828599, 840.0, 240.0
1670599161277, 1670599161295, 853.366435034763, 264.37700868545994, 840.0, 240.0
1670599161301, 1670599161322, 851.1409955012658, 264.67770628806005, 840.0, 240.0
1670599161328, 1670599161346, 847.8468014401651, 263.8711065925142, 840.0, 240.0
1670599161349, 1670599161379, 844.6412802818222, 264.46073850622207, 840.0, 240.0
1670599161387, 1670599161401, 841.1379170243094, 265.89611748170836, 840.0, 240.0
1670599161411, 1670599161425, 837.7926137397594, 267.8636509631028, 840.0, 240.0
1670599161432, 1670599161450, 834.4473104552093, 269.83118444449735, 840.0, 240.0
1670599161451, 1670599161463, 832.7980723395568, 272.01640859803075, 840.0, 300.0
1670599161479, 1670599161493, 830.7281236098673, 272.2406294242731, 840.0, 300.0
1670599161499, 1670599161520, 826.7061465465164, 270.72469967241244, 840.0, 300.0
1670599161527, 1670599161552, 822.5103383133995, 268.25696661017037, 840.0, 240.0
1670599161554, 1670599161597, 818.3145300802827, 265.7892335479283, 840.0, 240.0
1670599161610, 1670599161627, 814.8365647689029, 263.41334648552765, 840.0, 240.0
1670599161633, 1670599161656, 812.4528593088464, 261.1731352686452, 840.0, 240.0
1670599161661, 1670599161685, 810.5713721307071, 259.0093727331843, 840.0, 240.0
1670599161691, 1670599161713, 809.9105280547424, 261.3349924673417, 780.0, 240.0
1670599161724, 1670599161742, 809.1817580063403, 263.66082490250716, 780.0, 240.0
1670599161749, 1670599161764, 810.0451092030578, 266.13777434818496, 840.0, 240.0
1670599161772, 1670599161789, 810.6966698428336, 266.7330112739638, 840.0, 240.0
1670599161800, 1670599161820, 810.9634607493471, 265.4075671110412, 840.0, 240.0
1670599161830, 1670599161859, 811.0721916828979, 263.5499684422104, 840.0, 240.0
1670599161862, 1670599161895, 811.1809226164487, 261.6923697733796, 840.0, 240.0
1670599161900, 1670599161918, 811.2896535499996, 259.8347711045488, 840.0, 240.0
1670599161923, 1670599161938, 811.6093230470467, 258.946050214038, 840.0, 240.0
1670599161951, 1670599161966, 812.5812439332003, 258.6011963236936, 840.0, 240.0
1670599161980, 1670599161991, 814.376207220962, 259.7158091034792, 840.0, 240.0
1670599161999, 1670599162013, 816.7587240955456, 260.8723710124197, 840.0, 240.0
1670599162031, 1670599162043, 819.8237775616495, 262.49501776597384, 840.0, 240.0
1670599162047, 1670599162066, 822.3604170978833, 264.4745359976283, 840.0, 240.0
1670599162078, 1670599162091, 824.8970566341171, 266.45405422928275, 840.0, 240.0
1670599162102, 1670599162151, 828.1108241892857, 268.85252085702973, 840.0, 240.0
1670599162155, 1670599162194, 831.3947233090779, 271.64423874269863, 840.0, 300.0
1670599162203, 1670599162230, 834.1386944104578, 274.7719490786179, 840.0, 300.0
1670599162231, 1670599162263, 837.9958141205777, 277.9409979285113, 840.0, 300.0
1670599162273, 1670599162294, 841.8529338306977, 281.11004677840464, 840.0, 300.0
1670599162299, 1670599162316, 846.3689660502425, 284.64220090899835, 840.0, 300.0
1670599162323, 1670599162343, 850.8212125633364, 288.5568102198871, 840.0, 300.0
1670599162346, 1670599162369, 855.2734590764303, 292.4714195307759, 840.0, 300.0
1670599162374, 1670599162393, 859.7257055895242, 296.3860288416647, 840.0, 300.0
1670599162398, 1670599162417, 864.1436425611653, 299.72403961434793, 840.0, 300.0
1670599162427, 1670599162444, 867.2039104069038, 302.98061956157323, 840.0, 300.0
1670599162455, 1670599162468, 868.987468092816, 306.2430270787261, 840.0, 300.0
1670599162483, 1670599162496, 870.088489187208, 309.03934975126526, 900.0, 300.0
1670599162505, 1670599162525, 871.7644965409467, 311.3786042471243, 900.0, 300.0
1670599162536, 1670599162564, 873.4405038946853, 313.71785874298337, 900.0, 300.0
1670599162565, 1670599162592, 874.426429624241, 316.6619548686528, 900.0, 300.0
1670599162594, 1670599162627, 876.0533545534894, 319.17540026617235, 900.0, 300.0
1670599162634, 1670599162657, 877.5787778859416, 321.6926101112378, 900.0, 300.0
1670599162672, 1670599162687, 878.5226556535591, 324.2200334272693, 900.0, 300.0
1670599162691, 1670599162717, 879.4665334211768, 326.7474567433008, 900.0, 300.0
1670599162723, 1670599162743, 879.8716488703878, 328.51397216987226, 900.0, 300.0
1670599162751, 1670599162770, 880.34055002605, 329.89803241614857, 900.0, 300.0
1670599162777, 1670599162793, 880.8179660149992, 332.3195938837655, 900.0, 360.0
1670599162800, 1670599162816, 881.9490655876303, 334.70809201593715, 900.0, 360.0
1670599162835, 1670599162842, 882.4622233126076, 337.12932168614793, 900.0, 360.0
1670599162845, 1670599162865, 883.559117666708, 339.5095334784524, 900.0, 360.0
1670599162873, 1670599162891, 884.4084598841197, 343.6730456345801, 900.0, 360.0
1670599162900, 1670599162917, 885.9120511347, 348.80145121112565, 900.0, 360.0
1670599162926, 1670599162939, 886.7973197968378, 353.9736774934118, 900.0, 360.0
1670599162950, 1670599162967, 887.7547023589538, 360.2262314235152, 900.0, 360.0
1670599162977, 1670599162997, 889.5465559060331, 364.06140244433914, 900.0, 360.0
1670599163001, 1670599163025, 890.6952046612337, 367.93376023438304, 900.0, 360.0
1670599163025, 1670599163054, 891.9640036074527, 371.4083154156672, 900.0, 360.0
1670599163063, 1670599163082, 894.3435595630042, 376.03607268280945, 900.0, 360.0
1670599163091, 1670599163112, 896.7231155185557, 380.66382994995166, 900.0, 360.0
1670599163120, 1670599163159, 898.9825212830889, 385.68938982585365, 900.0, 360.0
1670599163167, 1670599163192, 901.241927047622, 390.71494970175564, 900.0, 420.0
1670599163196, 1670599163229, 903.4928179788678, 394.70300835631707, 900.0, 420.0
1670599163231, 1670599163263, 904.8571710407723, 397.5799187478353, 900.0, 420.0
1670599163276, 1670599163336, 906.7049993043405, 398.71633837263767, 900.0, 420.0
1670599163338, 1670599163359, 908.5821790612786, 400.12462821472616, 900.0, 420.0
1670599163366, 1670599163397, 911.3960675279094, 399.70184099390895, 900.0, 420.0
1670599163405, 1670599163424, 913.7885612470313, 399.45837195116223, 900.0, 420.0
1670599163431, 1670599163451, 915.3173893732521, 398.0839093178367, 900.0, 420.0
1670599163459, 1670599163508, 916.3918285309416, 396.7558477660922, 900.0, 420.0
1670599163510, 1670599163530, 916.6447503089156, 396.8213790977242, 900.0, 420.0
1670599163543, 1670599163579, 916.8976720868897, 396.8869104293562, 900.0, 420.0
1670599163579, 1670599163607, 917.1505938648637, 396.9524417609882, 900.0, 420.0
1670599163607, 1670599163641, 916.5817084860714, 395.09594403291277, 900.0, 420.0
1670599163650, 1670599163665, 915.2197786805791, 392.16331326430037, 900.0, 420.0
1670599163670, 1670599163694, 913.0453820422706, 389.2255762527183, 900.0, 360.0
1670599163696, 1670599163723, 910.3052259766256, 386.31188229512486, 900.0, 360.0
1670599163726, 1670599163746, 906.8039078616937, 383.3947792436769, 900.0, 360.0
1670599163754, 1670599163773, 902.1725180489927, 380.62852008514625, 900.0, 360.0
1670599163783, 1670599163801, 897.0576530346278, 379.6027516933314, 900.0, 360.0
1670599163807, 1670599163825, 890.8565711061161, 377.9516030330569, 900.0, 360.0
1670599163831, 1670599163852, 884.09719656058, 376.3268407162676, 900.0, 360.0
1670599163853, 1670599163884, 877.104967729384, 373.55786680098987, 900.0, 360.0
1670599163885, 1670599163919, 869.9021756143004, 371.95943739695923, 840.0, 360.0
1670599163924, 1670599163953, 863.0816585677701, 369.2342792635303, 840.0, 360.0
1670599163954, 1670599163987, 856.1526049444802, 366.99920178527464, 840.0, 360.0
1670599163990, 1670599164000, 848.8447301785858, 364.2956671349628, 840.0, 360.0
1670599164013, 1670599164033, 841.5368554126915, 361.59213248465096, 840.0, 360.0
1670599164046, 1670599164062, 833.8954879277302, 360.588988333755, 840.0, 360.0
1670599164070, 1670599164086, 827.0471648694692, 360.66197722339604, 840.0, 360.0
1670599164094, 1670599164109, 821.0113086440242, 360.7400723560067, 840.0, 360.0
1670599164115, 1670599164159, 815.5857547124164, 359.8625609090622, 840.0, 360.0
1670599164166, 1670599164194, 810.9213628300954, 358.9884585559723, 840.0, 360.0
1670599164207, 1670599164227, 807.6198969312031, 359.1077239084534, 780.0, 360.0
1670599164231, 1670599164251, 804.4966660075484, 357.36589104176926, 780.0, 360.0
1670599164258, 1670599164278, 803.6051562208742, 355.51878479766185, 780.0, 360.0
1670599164279, 1670599164307, 803.2719390512245, 353.6452922100693, 780.0, 360.0
1670599164314, 1670599164327, 803.0869651589937, 350.81259284631506, 780.0, 360.0
1670599164337, 1670599164353, 804.8454919230296, 346.8978110975939, 780.0, 360.0
1670599164367, 1670599164381, 807.437273094735, 342.46339450146513, 780.0, 360.0
1670599164388, 1670599164413, 810.1375908432001, 337.53889725016313, 840.0, 360.0
1670599164421, 1670599164454, 813.2167297342696, 333.0828571709173, 840.0, 360.0
1670599164462, 1670599164488, 816.6377228232401, 327.58913324388345, 840.0, 300.0
1670599164495, 1670599164513, 820.5060163492855, 320.0859936293964, 840.0, 300.0
1670599164514, 1670599164537, 824.3743098753309, 312.58285401490934, 840.0, 300.0
1670599164545, 1670599164563, 828.2426034013763, 305.0797144004223, 840.0, 300.0
1670599164569, 1670599164580, 832.0663540609212, 298.50813831150174, 840.0, 300.0
1670599164592, 1670599164606, 835.8901047204661, 291.9365622225812, 840.0, 300.0
1670599164621, 1670599164640, 839.713855380011, 285.36498613366064, 840.0, 300.0
1670599164649, 1670599164672, 843.5295951469072, 279.13063836139526, 840.0, 300.0
1670599164689, 1670599164705, 847.3389320819138, 272.82277068613064, 840.0, 300.0
1670599164731, 1670599164752, 851.1482690169203, 266.514903010866, 840.0, 240.0
1670599164764, 1670599164776, 855.2719711469813, 262.21091342531616, 840.0, 240.0
1670599164788, 1670599164800, 858.5264014975644, 258.94945530406517, 840.0, 240.0
1670599164810, 1670599164843, 860.947577440478, 256.2076320302217, 840.0, 240.0
1670599164848, 1670599164872, 862.9061449109181, 252.42113744282497, 840.0, 240.0
1670599164881, 1670599164897, 864.7831226075414, 249.06661429234475, 840.0, 240.0
1670599164904, 1670599164925, 866.3182461062637, 246.7497749896526, 840.0, 240.0
1670599164927, 1670599164959, 866.8688461136171, 246.67558473140423, 840.0, 240.0
1670599164964, 1670599164984, 866.4692260070815, 246.72273321414758, 840.0, 240.0
1670599164987, 1670599165010, 865.1987450726442, 246.88104257801936, 840.0, 240.0
1670599165018, 1670599165034, 863.928264138207, 247.03935194189117, 840.0, 240.0
1670599165040, 1670599165071, 861.767163495242, 247.77567307445455, 840.0, 240.0
1670599165077, 1670599165096, 859.6060628522769, 248.51199420701792, 840.0, 240.0
1670599165111, 1670599165148, 857.2747381267229, 250.77218524209144, 840.0, 240.0
1670599165154, 1670599165175, 854.303725809511, 253.12268026746483, 840.0, 240.0
1670599165179, 1670599165201, 851.6568691468492, 254.40834553881191, 840.0, 240.0
1670599165208, 1670599165227, 848.6306681662094, 254.1834165863491, 840.0, 240.0
1670599165236, 1670599165274, 845.997005312262, 253.9080182707091, 840.0, 240.0
1670599165283, 1670599165302, 842.7434410824416, 254.74365572266845, 840.0, 240.0
1670599165307, 1670599165322, 839.8842064168016, 257.07844142358886, 840.0, 240.0
1670599165330, 1670599165344, 836.42167384901, 259.07751037325073, 840.0, 240.0
1670599165359, 1670599165376, 832.8317950285573, 262.0663378020349, 840.0, 240.0
1670599165379, 1670599165400, 829.7343154147793, 264.8613706125853, 840.0, 240.0
1670599165405, 1670599165424, 827.5870559148904, 267.5350646821439, 840.0, 240.0
1670599165428, 1670599165464, 826.18611220536, 270.5677976723963, 840.0, 300.0
1670599165468, 1670599165487, 824.7851684958297, 273.60053066264874, 840.0, 300.0
1670599165488, 1670599165510, 824.2748444948273, 276.05525188420955, 840.0, 300.0
1670599165513, 1670599165529, 823.8301763851921, 278.03989736762276, 840.0, 300.0
1670599165538, 1670599165552, 823.3855082755568, 280.024542851036, 840.0, 300.0
1670599165566, 1670599165581, 821.5259900484842, 283.10725817746874, 840.0, 300.0
1670599165593, 1670599165620, 819.3827630779923, 286.7787148649535, 840.0, 300.0
1670599165625, 1670599165646, 817.156271953005, 290.9160944626949, 840.0, 300.0
1670599165654, 1670599165667, 814.5372427013253, 295.1039434236135, 840.0, 300.0
1670599165673, 1670599165692, 812.5381148255185, 298.1807566169328, 840.0, 300.0
1670599165694, 1670599165738, 810.6388481463466, 299.4078842981035, 840.0, 300.0
1670599165742, 1670599165760, 809.469018215926, 301.4715787092841, 780.0, 300.0
1670599165765, 1670599165806, 808.4265345381663, 302.54551464134227, 780.0, 300.0
1670599165812, 1670599165840, 807.4199157766483, 303.57738881637147, 780.0, 300.0
1670599165844, 1670599165857, 806.3758957411337, 305.0805073840279, 780.0, 300.0
1670599165880, 1670599165937, 805.456420743162, 306.1134261498621, 780.0, 300.0
1670599165949, 1670599165966, 804.5251651840614, 307.1488416449726, 780.0, 300.0
1670599165977, 1670599166022, 803.5939096249607, 308.1842571400831, 780.0, 300.0
1670599166035, 1670599166080, 802.1597216012626, 309.2342467670815, 780.0, 300.0
1670599166093, 1670599166107, 800.7903029566015, 309.33705637114184, 780.0, 300.0
1670599166114, 1670599166132, 800.4316904016598, 308.3985808170947, 780.0, 300.0
1670599166143, 1670599166163, 800.0326309355872, 307.93619365602177, 780.0, 300.0
1670599166170, 1670599166193, 799.6447565422725, 307.0034463955254, 780.0, 300.0
1670599166201, 1670599166218, 799.2568821489577, 306.07069913502903, 780.0, 300.0
1670599166226, 1670599166256, 798.869007755643, 305.1379518745327, 780.0, 300.0
1670599166260, 1670599166285, 798.4495510739864, 305.60041319077703, 780.0, 300.0
1670599166309, 1670599166351, 797.9743602467895, 305.60041319077703, 780.0, 300.0
1670599166359, 1670599166389, 797.4991694195925, 305.60041319077703, 780.0, 300.0
1670599166392, 1670599166414, 797.0774803902735, 304.67147268348276, 780.0, 300.0
1670599166417, 1670599166440, 796.6284232559143, 304.21846780649935, 780.0, 300.0
1670599166444, 1670599166467, 796.1793661215551, 303.76546292951593, 780.0, 300.0
1670599166472, 1670599166493, 795.7420895483249, 303.30996132325623, 780.0, 300.0
1670599166496, 1670599166517, 794.2756999593389, 303.3877825939774, 780.0, 300.0
1670599166520, 1670599166542, 793.1801302694157, 304.42960685215314, 780.0, 300.0
1670599166548, 1670599166570, 792.0197912004556, 306.41861113326695, 780.0, 300.0
1670599166571, 1670599166599, 790.3951602453791, 308.437985735233, 780.0, 300.0
1670599166600, 1670599166627, 788.7705292903025, 310.457360337199, 780.0, 300.0
1670599166627, 1670599166653, 787.1347132624682, 312.9470950385885, 780.0, 300.0
1670599166657, 1670599166681, 785.4581145300831, 316.33576407188866, 780.0, 300.0
1670599166688, 1670599166706, 783.2923810912397, 319.7503910772429, 780.0, 300.0
1670599166713, 1670599166780, 781.1266476523964, 323.1650180825971, 780.0, 300.0
1670599166786, 1670599166804, 778.8964040871873, 326.6456067757214, 780.0, 300.0
1670599166815, 1670599166832, 776.6206501129651, 331.01560646193917, 780.0, 360.0
1670599166840, 1670599166860, 774.3448961387429, 335.38560614815697, 780.0, 360.0
1670599166868, 1670599166886, 772.1794219525708, 337.91901481834316, 780.0, 360.0
1670599166900, 1670599166913, 769.5335599697008, 340.4874951560526, 780.0, 360.0
1670599166926, 1670599166939, 766.8876979868309, 343.05597549376205, 780.0, 360.0
1670599166940, 1670599166962, 765.2015397218834, 345.9706479385435, 780.0, 360.0
1670599166971, 1670599166988, 763.5818381311032, 348.3768190021301, 780.0, 360.0
1670599167002, 1670599167015, 762.3624077204023, 350.7605131632569, 780.0, 360.0
1670599167030, 1670599167061, 761.4989017242201, 353.6705357590549, 780.0, 360.0
1670599167063, 1670599167088, 760.7302033665352, 355.6950924346732, 780.0, 360.0
1670599167098, 1670599167116, 759.9615050088503, 357.7196491102914, 780.0, 360.0
1670599167121, 1670599167140, 759.6706592184197, 358.80943277484465, 780.0, 360.0
1670599167146, 1670599167167, 759.8689481344475, 359.8732584673438, 780.0, 360.0
1670599167177, 1670599167196, 760.0672370504751, 360.937084159843, 780.0, 360.0
1670599167200, 1670599167225, 759.8671390148072, 361.5091588768192, 780.0, 360.0
1670599167226, 1670599167246, 759.8394717537736, 360.6303849081166, 780.0, 360.0
1670599167255, 1670599167270, 759.8118044927401, 359.751610939414, 780.0, 360.0
1670599167284, 1670599167307, 759.7386268226933, 359.7622479638049, 780.0, 360.0
1670599167314, 1670599167330, 760.1458369493444, 359.73781332067256, 780.0, 360.0
1670599167338, 1670599167355, 760.5182513324963, 360.0521881328507, 780.0, 360.0
1670599167362, 1670599167396, 760.9600750134816, 359.4870479609759, 780.0, 360.0
1670599167398, 1670599167458, 761.4018986944669, 358.92190778910106, 780.0, 360.0
1670599167465, 1670599167486, 761.333900479862, 358.92255923811587, 780.0, 360.0
1670599167494, 1670599167502, 761.518616195865, 357.484387757867, 780.0, 360.0
1670599167507, 1670599167527, 761.6085242733707, 356.9316821977979, 780.0, 360.0
1670599167537, 1670599167562, 761.5540858918664, 357.261100811469, 780.0, 360.0
1670599167568, 1670599167586, 761.0625776476584, 357.6263581042945, 780.0, 360.0
1670599167591, 1670599167611, 760.2471211762337, 357.46642167320715, 780.0, 360.0
1670599167615, 1670599167634, 759.0202347738967, 357.323196488216, 780.0, 360.0
1670599167647, 1670599167660, 758.2674305223792, 357.1354004915543, 780.0, 360.0
1670599167662, 1670599167682, 756.9156695397531, 357.5246467354874, 780.0, 360.0
1670599167689, 1670599167714, 755.4659962462673, 358.77260476920713, 780.0, 360.0
1670599167720, 1670599167741, 753.6465182738785, 360.0317553842488, 780.0, 360.0
1670599167743, 1670599167754, 751.7641857604522, 362.14812510835884, 780.0, 360.0
1670599167758, 1670599167781, 749.9166489905249, 363.9256853771585, 720.0, 360.0
1670599167787, 1670599167818, 748.0691122205977, 365.70324564595813, 720.0, 360.0
1670599167820, 1670599167841, 746.2215754506705, 367.48080591475775, 720.0, 360.0
1670599167849, 1670599167863, 744.483589396254, 368.71505146512754, 720.0, 360.0
1670599167877, 1670599167892, 742.6731986532315, 370.2737608056319, 720.0, 360.0
1670599167903, 1670599167915, 740.862807910209, 371.8324701461363, 720.0, 360.0
1670599167923, 1670599167947, 739.2586628508996, 371.96118193743985, 720.0, 360.0
1670599167956, 1670599167974, 737.6545177915901, 372.08989372874345, 720.0, 360.0
1670599167982, 1670599168003, 736.3743209594975, 372.7437992439598, 720.0, 360.0
1670599168012, 1670599168028, 735.5580868526825, 372.8404290107578, 720.0, 360.0
1670599168036, 1670599168055, 734.7418527458677, 372.9370587775559, 720.0, 360.0
1670599168057, 1670599168076, 733.9174678540726, 372.9863841196008, 720.0, 360.0
1670599168081, 1670599168101, 733.1909952731374, 372.17699767185917, 720.0, 360.0
1670599168115, 1670599168131, 732.834327371105, 371.3564186427955, 720.0, 360.0
1670599168138, 1670599168156, 732.5405140101103, 369.6786205046635, 720.0, 360.0
1670599168170, 1670599168184, 732.1734249015427, 368.85036270110953, 720.0, 360.0
1670599168192, 1670599168209, 731.8063357929751, 368.02210489755555, 720.0, 360.0
1670599168215, 1670599168244, 731.3071996486929, 367.16408452420063, 720.0, 360.0
1670599168252, 1670599168275, 730.8080635044106, 366.30606415084566, 720.0, 360.0
1670599168283, 1670599168301, 730.2369855897244, 366.00570416109633, 720.0, 360.0
1670599168307, 1670599168323, 729.6659076750383, 365.70534417134706, 720.0, 360.0
1670599168333, 1670599168347, 728.557674808709, 365.910558566379, 720.0, 360.0
1670599168355, 1670599168376, 726.9856178101331, 366.0748781086591, 720.0, 360.0
1670599168385, 1670599168400, 725.4135608115572, 366.2391976509393, 720.0, 360.0
1670599168409, 1670599168421, 723.9418661163337, 366.13120283550114, 720.0, 360.0
1670599168440, 1670599168455, 722.4701714211101, 366.02320802006295, 720.0, 360.0
1670599168469, 1670599168489, 721.2449045771629, 365.1229958483453, 720.0, 360.0
1670599168492, 1670599168519, 719.7682889877132, 363.4029099968836, 720.0, 360.0
1670599168527, 1670599168548, 718.430517757242, 360.8673250244525, 720.0, 360.0
1670599168556, 1670599168571, 717.092746526771, 358.3317400520215, 720.0, 360.0
1670599168585, 1670599168598, 715.8282510438727, 354.94661474501237, 720.0, 360.0
1670599168611, 1670599168633, 714.5637555609745, 351.56148943800326, 720.0, 360.0
1670599168639, 1670599168660, 713.431307113791, 348.2061267007952, 720.0, 360.0
1670599168667, 1670599168691, 712.2988586666074, 344.8507639635871, 720.0, 360.0
1670599168697, 1670599168718, 710.7749280363163, 343.930195850416, 720.0, 360.0
1670599168726, 1670599168745, 709.250997406025, 343.00962773724484, 720.0, 360.0
1670599168762, 1670599168779, 708.0875350544409, 342.9407065342448, 720.0, 360.0
1670599168784, 1670599168806, 707.3878968351034, 342.91268018399643, 720.0, 360.0
1670599168811, 1670599168838, 706.4215841171475, 342.2925094069058, 720.0, 360.0
1670599168846, 1670599168865, 705.3993460289407, 341.67765385558704, 720.0, 360.0
1670599168874, 1670599168910, 704.3771079407339, 341.0627983042682, 720.0, 360.0
1670599168913, 1670599168937, 703.5886291517182, 341.2718599859725, 720.0, 360.0
1670599168942, 1670599168983, 702.7899817087972, 341.4790384592374, 720.0, 360.0
1670599168996, 1670599169011, 701.4428715232225, 342.47770283850963, 720.0, 360.0
1670599169023, 1670599169040, 700.0957613376477, 343.4763672177818, 720.0, 360.0
1670599169047, 1670599169072, 698.0471120634977, 344.44399990441866, 720.0, 360.0
1670599169082, 1670599169121, 694.678083713727, 345.35242624938655, 720.0, 360.0
1670599169129, 1670599169148, 690.9905111080943, 346.24641165594863, 720.0, 360.0
1670599169151, 1670599169195, 686.5844097502173, 347.1024894025804, 660.0, 360.0
1670599169198, 1670599169230, 682.5697905754481, 345.52377252517516, 660.0, 360.0
1670599169232, 1670599169269, 678.4735716954975, 343.9362954790347, 660.0, 360.0
1670599169283, 1670599169307, 674.4672335218802, 342.2917169756084, 660.0, 360.0
1670599169313, 1670599169336, 670.7963848950105, 340.02261061348645, 660.0, 360.0
1670599169343, 1670599169364, 667.3543951930558, 339.1057068558817, 660.0, 360.0
1670599169373, 1670599169396, 663.1045799468401, 338.9213362720268, 660.0, 360.0
1670599169408, 1670599169436, 658.8547647006244, 338.7369656881719, 660.0, 360.0
1670599169440, 1670599169466, 654.6049494544087, 338.55259510431705, 660.0, 360.0
1670599169466, 1670599169494, 650.5844720101386, 339.8442762025268, 660.0, 360.0
1670599169494, 1670599169523, 646.935577790937, 341.9138791718315, 660.0, 360.0
1670599169531, 1670599169544, 643.2866835717355, 343.9834821411362, 660.0, 360.0
1670599169558, 1670599169578, 640.339328441109, 346.0841168030762, 660.0, 360.0
1670599169593, 1670599169606, 638.7123523861034, 348.24395780668516, 660.0, 360.0
1670599169619, 1670599169641, 637.4039205869598, 350.4182397487, 660.0, 360.0
1670599169649, 1670599169666, 636.7763688353268, 353.393033739748, 660.0, 360.0
1670599169673, 1670599169689, 636.148817083694, 356.36782773079597, 660.0, 360.0
1670599169696, 1670599169719, 635.6028650372424, 359.3513818905793, 660.0, 360.0
1670599169726, 1670599169734, 635.0818197326904, 361.5826895881567, 660.0, 360.0
1670599169739, 1670599169768, 634.1922987331246, 365.09509557629644, 660.0, 360.0
1670599169769, 1670599169794, 633.3735794555286, 367.1908729548946, 660.0, 360.0
1670599169808, 1670599169842, 633.7580046761556, 368.13309083786277, 660.0, 360.0
1670599169855, 1670599169901, 634.5878060389441, 368.5102657711503, 660.0, 360.0
1670599169909, 1670599169929, 635.4242490257725, 368.2367254942941, 660.0, 360.0
1670599169934, 1670599169955, 636.7317405278294, 368.2200856670502, 660.0, 360.0
1670599169963, 1670599169970, 638.0772671884929, 367.4495371836736, 660.0, 360.0
1670599169975, 1670599169996, 639.4227938491564, 366.67898870029694, 660.0, 360.0
1670599170011, 1670599170029, 640.7683205098199, 365.9084402169203, 660.0, 360.0
1670599170036, 1670599170053, 642.1002135498865, 364.3180808077221, 660.0, 360.0
1670599170060, 1670599170074, 643.432106589953, 362.72772139852384, 660.0, 360.0
1670599170075, 1670599170104, 644.3764130375839, 360.28337328255066, 660.0, 360.0
1670599170111, 1670599170138, 644.9062403509054, 357.75003240156934, 660.0, 360.0
1670599170142, 1670599170166, 645.4360676642268, 355.21669152058803, 660.0, 360.0
1670599170174, 1670599170189, 645.9834946524985, 352.02389510876515, 660.0, 360.0
1670599170197, 1670599170218, 646.5639077890363, 348.1745282650757, 660.0, 360.0
1670599170223, 1670599170242, 646.0104004179564, 336.5545702489116, 660.0, 360.0
1670599170248, 1670599170270, 644.9646043654469, 326.16320218889626, 660.0, 300.0
1670599170276, 1670599170303, 643.0472292222834, 324.4167847876424, 660.0, 300.0
1670599170304, 1670599170327, 640.7563825374684, 323.2377422683988, 660.0, 300.0
1670599170330, 1670599170354, 637.6504737774012, 321.73314547265187, 660.0, 300.0
1670599170355, 1670599170370, 634.2388224840671, 320.1860184458305, 660.0, 300.0
1670599170372, 1670599170399, 630.8271711907331, 318.6388914190091, 660.0, 300.0
1670599170401, 1670599170441, 627.4778076037368, 316.3852371125196, 600.0, 300.0
1670599170450, 1670599170474, 624.5112450373546, 315.0067498347044, 600.0, 300.0
1670599170481, 1670599170510, 621.5446824709725, 313.62826255688924, 600.0, 300.0
1670599170517, 1670599170541, 618.6839303953882, 312.29972181580797, 600.0, 300.0
1670599170555, 1670599170570, 616.1998725369448, 311.7763298603406, 600.0, 300.0
1670599170575, 1670599170633, 613.7158146785014, 311.25293790487325, 600.0, 300.0
1670599170633, 1670599170659, 611.2141571451077, 311.38900148024743, 600.0, 300.0
1670599170663, 1670599170691, 608.7124996117141, 311.5250650556216, 600.0, 300.0
1670599170699, 1670599170716, 607.2759032222963, 320.77938742308885, 600.0, 300.0
1670599170720, 1670599170740, 606.2126721800736, 323.65654015247196, 600.0, 300.0
1670599170750, 1670599170767, 605.6011653598734, 318.08881395757817, 600.0, 300.0
1670599170778, 1670599170810, 605.330967183755, 312.96939930601394, 600.0, 300.0
1670599170817, 1670599170840, 605.4369621651225, 307.2643436874595, 600.0, 300.0
1670599170852, 1670599170870, 605.8251918733521, 302.28720328871975, 600.0, 300.0
1670599170875, 1670599170885, 606.2153199603379, 297.63212250387613, 600.0, 300.0
1670599170894, 1670599170918, 606.2685165935037, 293.66966054419623, 600.0, 300.0
1670599170927, 1670599170944, 605.5307860841214, 296.3802535983971, 600.0, 300.0
1670599170949, 1670599170982, 604.7685170446753, 299.7935382146893, 600.0, 300.0
1670599170994, 1670599171012, 604.3256728116007, 303.2482606119196, 600.0, 300.0
1670599171021, 1670599171040, 604.3548567293453, 299.25099588276674, 600.0, 300.0
1670599171049, 1670599171066, 604.3840406470899, 295.25373115361384, 600.0, 300.0
1670599171072, 1670599171092, 604.4378550693073, 290.20108063537685, 600.0, 300.0
1670599171101, 1670599171121, 604.2041490921372, 280.13740586954265, 600.0, 300.0
1670599171130, 1670599171145, 604.006316330343, 269.38263391595655, 600.0, 240.0
1670599171153, 1670599171170, 603.4351182213537, 265.714667293737, 600.0, 240.0
1670599171177, 1670599171196, 602.8383988388346, 262.05989765349193, 600.0, 240.0
1670599171203, 1670599171223, 601.738767874143, 263.71994508248804, 600.0, 240.0
1670599171230, 1670599171244, 600.6144435748217, 265.02686137417845, 600.0, 240.0
1670599171254, 1670599171267, 599.0788614208165, 271.319330272677, 600.0, 300.0
1670599171276, 1670599171290, 597.1324773404466, 277.26524854349503, 600.0, 300.0
1670599171291, 1670599171320, 595.460737007559, 283.2250752688175, 600.0, 300.0
1670599171329, 1670599171349, 593.9185307441288, 282.4439526171177, 600.0, 300.0
1670599171359, 1670599171374, 592.4008630107621, 280.9601384033266, 600.0, 300.0
1670599171389, 1670599171397, 590.8704858817949, 278.7955632363218, 600.0, 300.0
1670599171417, 1670599171439, 588.506534896647, 281.94958850925195, 600.0, 300.0
1670599171445, 1670599171497, 586.1425839114991, 285.1036137821821, 600.0, 300.0
1670599171506, 1670599171524, 583.8226409227971, 290.05025485899716, 600.0, 300.0
1670599171535, 1670599171554, 581.7902183334825, 300.0079201834095, 600.0, 300.0
1670599171556, 1670599171588, 579.7814619574983, 310.63619702900365, 600.0, 300.0
1670599171599, 1670599171657, 577.7727055815142, 320.55483818131546, 600.0, 300.0
1670599171672, 1670599171685, 575.7883858266761, 331.50257318882404, 600.0, 360.0
1670599171697, 1670599171751, 574.0333281936272, 336.75735650879926, 600.0, 360.0
1670599171758, 1670599171777, 571.9990807991893, 342.3517301786642, 600.0, 360.0
1670599171781, 1670599171824, 570.3995990658401, 342.27516625298074, 600.0, 360.0
1670599171829, 1670599171847, 569.2090208800994, 342.22309334108166, 540.0, 360.0
1670599171869, 1670599171886, 567.9709743179998, 341.500926448874, 540.0, 360.0
1670599171895, 1670599171909, 566.6268283030241, 340.7759426528142, 540.0, 360.0
1670599171911, 1670599171933, 565.2826822880485, 340.0509588567544, 540.0, 360.0
1670599171936, 1670599171948, 563.9512456686733, 340.00673601390827, 540.0, 360.0
1670599171956, 1670599171989, 562.640022795638, 340.6113250933823, 540.0, 360.0
1670599171989, 1670599172024, 561.3287999226026, 341.21591417285623, 540.0, 360.0
1670599172032, 1670599172066, 559.6054005197, 341.066829562797, 540.0, 360.0
1670599172077, 1670599172106, 557.825479793998, 340.2734429705402, 540.0, 360.0
1670599172124, 1670599172146, 555.9677376143878, 338.17230239497803, 540.0, 360.0
1670599172149, 1670599172174, 553.9597594148833, 334.18468631354426, 540.0, 360.0
1670599172175, 1670599172202, 551.5951060673644, 329.5305931490004, 540.0, 300.0
1670599172203, 1670599172230, 549.5296234537584, 324.8896633875526, 540.0, 300.0
1670599172244, 1670599172257, 547.7680239361713, 320.26227441352074, 540.0, 300.0
1670599172262, 1670599172282, 546.0064244185842, 315.6348854394889, 540.0, 300.0
1670599172289, 1670599172304, 544.2448249009971, 311.00749646545705, 540.0, 300.0
1670599172316, 1670599172327, 542.5306937597687, 307.05020147173377, 540.0, 300.0
1670599172338, 1670599172357, 540.7343241643107, 302.3403248040262, 540.0, 300.0
1670599172369, 1670599172436, 538.9379545688527, 297.63044813631853, 540.0, 300.0
1670599172465, 1670599172497, 536.3933819885498, 292.93319411628545, 540.0, 300.0
1670599172507, 1670599172526, 534.2279262844371, 289.0043588397747, 540.0, 300.0
1670599172547, 1670599172574, 531.843746738483, 286.8722410181573, 540.0, 300.0
1670599172586, 1670599172602, 529.3915824623459, 284.74219617986, 540.0, 300.0
1670599172608, 1670599172629, 526.995939509008, 283.25645332376035, 540.0, 300.0
1670599172640, 1670599172654, 524.6061023168177, 281.8154068658983, 540.0, 300.0
1670599172670, 1670599172691, 522.3665011445217, 282.2608359139078, 540.0, 300.0
1670599172692, 1670599172718, 520.459138499094, 282.6954224230522, 540.0, 300.0
1670599172720, 1670599172760, 518.2745693146677, 283.9392426535677, 540.0, 300.0
1670599172763, 1670599172797, 515.7251949470947, 285.76185494207624, 540.0, 300.0
1670599172812, 1670599172837, 513.2284080271229, 288.16834991235265, 540.0, 300.0
1670599172856, 1670599172870, 510.731621107151, 290.57484488262907, 540.0, 300.0
1670599172873, 1670599172913, 508.1388195006181, 292.15829928630376, 480.0, 300.0
1670599172922, 1670599172942, 505.92244486792333, 293.67735823943366, 480.0, 300.0
1670599172944, 1670599172967, 503.3199211798444, 295.74983293679134, 480.0, 300.0
1670599172981, 1670599173012, 501.03989879383386, 297.5025500542034, 480.0, 300.0
1670599173018, 1670599173039, 498.2740831067592, 298.3290742412688, 480.0, 300.0
1670599173045, 1670599173077, 495.72699126152605, 297.3588809734409, 480.0, 300.0
1670599173079, 1670599173124, 493.59142217542444, 296.4030583970251, 480.0, 300.0
1670599173129, 1670599173150, 491.45585308932283, 295.4472358206094, 480.0, 300.0
1670599173180, 1670599173202, 488.3215442067138, 294.9367005072314, 480.0, 300.0
1670599173207, 1670599173260, 484.6202933598588, 294.3464866969705, 480.0, 300.0
1670599173272, 1670599173283, 479.67767032039006, 293.5818094025833, 480.0, 300.0
1670599173299, 1670599173385, 474.55749668003364, 292.3569545020579, 480.0, 300.0
1670599173401, 1670599173439, 468.74764716830396, 290.4424771187019, 480.0, 300.0
1670599173441, 1670599173494, 463.0031331669312, 288.4654730912646, 480.0, 300.0
1670599173509, 1670599173519, 457.9412780253282, 286.5695981336926, 480.0, 300.0
1670599173531, 1670599173557, 454.0012075328738, 289.1764899343828, 480.0, 300.0
1670599173562, 1670599173590, 450.65316742864434, 292.64187314105175, 480.0, 300.0
1670599173607, 1670599173660, 448.1328535783015, 295.57835024713427, 420.0, 300.0
1670599173665, 1670599173744, 445.7332443626338, 297.61939797010456, 420.0, 300.0
1670599173748, 1670599173776, 443.4073706765792, 300.53905651336015, 420.0, 300.0
1670599173786, 1670599173815, 441.0814969905246, 303.45871505661574, 420.0, 300.0
1670599173818, 1670599173867, 439.1473195387432, 308.15676649829527, 420.0, 300.0
1670599173874, 1670599173921, 437.21314208696185, 312.85481793997474, 420.0, 300.0
1670599173926, 1670599173951, 435.8682799806616, 317.665812692239, 420.0, 300.0
1670599173955, 1670599173975, 435.2347062976172, 323.43861011512644, 420.0, 300.0
1670599173977, 1670599174002, 436.4091732905789, 332.01999774474257, 420.0, 360.0
1670599174005, 1670599174025, 438.2329025446073, 340.8955577201684, 420.0, 360.0
1670599174038, 1670599174053, 440.75736545547176, 349.8468212949696, 420.0, 360.0
1670599174059, 1670599174073, 443.16390540837824, 358.2767288320843, 420.0, 360.0
1670599174096, 1670599174121, 444.887786501515, 366.62550729933366, 420.0, 360.0
1670599174136, 1670599174167, 444.5787771110346, 372.09110068594697, 420.0, 360.0
1670599174178, 1670599174189, 444.0583021689573, 376.6565270054059, 420.0, 360.0
1670599174200, 1670599174213, 443.73866012614593, 381.25565423494726, 420.0, 360.0
1670599174226, 1670599174239, 443.5799118225573, 386.43752183094807, 420.0, 360.0
1670599174241, 1670599174261, 443.68266937059593, 390.18182127452366, 420.0, 420.0
1670599174266, 1670599174280, 443.7854269186345, 393.9261207180993, 420.0, 420.0
1670599174295, 1670599174307, 443.39023474562447, 395.32205961239856, 420.0, 420.0
1670599174319, 1670599174333, 442.9312845614809, 397.05919614081597, 420.0, 420.0
1670599174335, 1670599174353, 441.50521789719636, 396.9564065886001, 420.0, 420.0
1670599174362, 1670599174378, 439.42580362832837, 395.9354601403604, 420.0, 420.0
1670599174400, 1670599174405, 436.7416348189322, 394.5998988348488, 420.0, 420.0
1670599174412, 1670599174432, 433.86296088835576, 392.6211090682945, 420.0, 420.0
1670599174445, 1670599174459, 431.6507264254715, 392.13998039967953, 420.0, 420.0
1670599174473, 1670599174486, 429.2577555620739, 391.1118460207052, 420.0, 420.0
1670599174498, 1670599174511, 426.86478469867626, 390.0837116417309, 420.0, 420.0
1670599174527, 1670599174538, 425.4789343563082, 388.25903615173206, 420.0, 360.0
1670599174553, 1670599174564, 423.6644688712599, 386.78698747010685, 420.0, 360.0
1670599174568, 1670599174585, 420.63035193322185, 385.25851115367226, 420.0, 360.0
1670599174598, 1670599174639, 418.3175796592837, 384.348075867247, 420.0, 360.0
1670599174639, 1670599174667, 416.735045828798, 386.7959912471103, 420.0, 360.0
1670599174672, 1670599174697, 415.10177672770277, 388.31362961917876, 420.0, 360.0
1670599174703, 1670599174725, 413.97274613304285, 390.4208855029836, 420.0, 420.0
1670599174726, 1670599174778, 412.9074735495164, 392.18694375267035, 420.0, 420.0
1670599174780, 1670599174793, 414.32777755684555, 395.8728224182433, 420.0, 420.0
1670599174803, 1670599174823, 416.5752662815913, 399.60649509348, 420.0, 420.0
1670599174838, 1670599174848, 419.2794825292061, 400.68226092458127, 420.0, 420.0
1670599174851, 1670599174872, 421.9836987768209, 401.7580267556825, 420.0, 420.0
1670599174882, 1670599174896, 424.3752229544273, 401.3712583143067, 420.0, 420.0
1670599174910, 1670599174921, 426.947483532547, 401.53149558329017, 420.0, 420.0
1670599174934, 1670599174944, 429.5197441106667, 401.6917328522737, 420.0, 420.0
1670599174962, 1670599174973, 432.0920046887864, 401.8519701212572, 420.0, 420.0
1670599174976, 1670599174992, 434.8164521792996, 402.5335885317128, 420.0, 420.0
1670599175005, 1670599175021, 438.11814102503405, 403.213424023254, 420.0, 420.0
1670599175036, 1670599175068, 440.8425885155472, 403.89504243370953, 420.0, 420.0
1670599175082, 1670599175102, 442.93724219498654, 403.6116880944871, 420.0, 420.0
1670599175107, 1670599175125, 445.08263114503535, 404.2586107630594, 420.0, 420.0
1670599175129, 1670599175140, 446.8300350754244, 404.88588357074764, 420.0, 420.0
1670599175148, 1670599175173, 448.62754629325866, 404.6049287243123, 420.0, 420.0
1670599175179, 1670599175190, 449.364371330835, 404.27829503288746, 420.0, 420.0
1670599175203, 1670599175218, 450.07966361661227, 403.954350613424, 480.0, 420.0
1670599175227, 1670599175246, 450.3763144366562, 403.9688011727657, 480.0, 420.0
1670599175251, 1670599175269, 450.7248590591174, 403.0920679512237, 480.0, 420.0
1670599175279, 1670599175294, 451.3764810830306, 402.2313049235997, 480.0, 420.0
1670599175314, 1670599175330, 452.02810310694383, 401.37054189597563, 480.0, 420.0
1670599175334, 1670599175353, 452.73520881118736, 399.6338384871151, 480.0, 420.0
1670599175358, 1670599175377, 453.4423145154309, 397.89713507825456, 480.0, 420.0
1670599175381, 1670599175402, 454.19113113553016, 395.29310536333685, 480.0, 420.0
1670599175408, 1670599175426, 454.93994775562936, 392.68907564841913, 480.0, 420.0
1670599175433, 1670599175451, 455.68876437572857, 390.0850459335015, 480.0, 420.0
1670599175465, 1670599175487, 456.487688283273, 386.5727885644601, 480.0, 360.0
1670599175492, 1670599175515, 457.61578030821414, 383.08445111997446, 480.0, 360.0
1670599175525, 1670599175544, 458.8284564811809, 377.8874546261019, 480.0, 360.0
1670599175550, 1670599175573, 459.9910253667025, 373.598685786353, 480.0, 360.0
1670599175577, 1670599175618, 461.1535942522241, 369.30991694660406, 480.0, 360.0
1670599175623, 1670599175646, 461.21219906496, 364.36520210604147, 480.0, 360.0
1670599175648, 1670599175674, 461.27080387769587, 359.4204872654788, 480.0, 360.0
1670599175685, 1670599175703, 461.2775148880144, 355.36695620579985, 480.0, 360.0
1670599175711, 1670599175733, 460.53331444955853, 351.2464084120952, 480.0, 360.0
1670599175741, 1670599175779, 459.78911401110264, 347.1258606183905, 480.0, 360.0
1670599175783, 1670599175809, 458.9532472088457, 343.3399141698375, 480.0, 360.0
1670599175810, 1670599175838, 458.1173804065888, 339.55396772128455, 480.0, 360.0
1670599175851, 1670599175862, 457.2398026884761, 336.6353475787887, 480.0, 360.0
1670599175872, 1670599175889, 456.36222497036346, 333.7167274362929, 480.0, 360.0
1670599175899, 1670599175918, 455.0310684181697, 329.87541719491537, 480.0, 300.0
1670599175938, 1670599175956, 454.121540090684, 326.08091096684905, 480.0, 300.0
1670599175967, 1670599175983, 452.8828436458016, 322.26248481422704, 480.0, 300.0
1670599175993, 1670599176044, 450.45959317929487, 319.13742651507783, 480.0, 300.0
1670599176045, 1670599176061, 447.4742340274475, 315.94563050285024, 420.0, 300.0
1670599176072, 1670599176109, 443.9684336191332, 311.69525223356493, 420.0, 300.0
1670599176113, 1670599176134, 441.26994646356064, 308.0863694057517, 420.0, 300.0
1670599176142, 1670599176164, 438.7136738335517, 305.4154635467891, 420.0, 300.0
1670599176172, 1670599176193, 435.1591035591836, 302.67474991618576, 420.0, 300.0
1670599176201, 1670599176216, 432.05236733213803, 299.98508282569014, 420.0, 300.0
1670599176225, 1670599176247, 428.9456311050924, 297.2954157351946, 420.0, 300.0
1670599176261, 1670599176280, 425.67276287642335, 297.93121841658274, 420.0, 300.0
1670599176299, 1670599176327, 421.8662000670846, 298.5563630911432, 420.0, 300.0
1670599176333, 1670599176353, 418.05963725774586, 299.1815077657037, 420.0, 300.0
1670599176357, 1670599176376, 414.2530744484071, 299.80665244026414, 420.0, 300.0
1670599176383, 1670599176404, 410.9687912901494, 301.8191385902682, 420.0, 300.0
1670599176410, 1670599176430, 407.35056798286115, 304.26037983938636, 420.0, 300.0
1670599176433, 1670599176455, 403.73234467557296, 306.70162108850457, 420.0, 300.0
1670599176465, 1670599176485, 401.07513858883095, 309.21727287493275, 420.0, 300.0
1670599176494, 1670599176508, 398.9800411874297, 311.7996623744394, 420.0, 300.0
1670599176517, 1670599176536, 396.760739652707, 314.44505444537026, 420.0, 300.0
1670599176547, 1670599176583, 394.5414381179842, 317.09044651630114, 420.0, 300.0
1670599176588, 1670599176607, 392.17992205769787, 318.7978616183814, 420.0, 300.0
1670599176617, 1670599176631, 390.96494691918963, 321.534291268264, 420.0, 300.0
1670599176642, 1670599176663, 389.666707626186, 323.8047980078899, 360.0, 300.0
1670599176666, 1670599176677, 388.4798096059184, 327.0254466314378, 360.0, 300.0
1670599176687, 1670599176704, 387.495226270745, 327.4619645191866, 360.0, 300.0
1670599176718, 1670599176744, 387.0443375162412, 327.9091404137632, 360.0, 300.0
1670599176744, 1670599176780, 387.12052526771896, 328.37610750691175, 360.0, 300.0
1670599176785, 1670599176816, 387.06303688417825, 327.43732392960584, 360.0, 300.0
1670599176831, 1670599176855, 386.93684768363767, 326.03388897573797, 360.0, 300.0
1670599176859, 1670599176884, 386.7229704074194, 324.1548949094448, 360.0, 300.0
1670599176889, 1670599176906, 386.39931045828035, 321.3281316885467, 360.0, 300.0
1670599176912, 1670599176929, 386.2146031621937, 319.44224912625265, 360.0, 300.0
1670599176943, 1670599176956, 386.491319621922, 317.58121091186877, 360.0, 300.0
1670599176970, 1670599176982, 387.36690251702527, 316.24917077852405, 360.0, 300.0
1670599176995, 1670599177009, 387.8092535285207, 313.95219653739707, 360.0, 300.0
1670599177020, 1670599177036, 388.1371298985237, 310.68873519916673, 360.0, 300.0
1670599177047, 1670599177061, 388.1661692147605, 305.47935846569544, 360.0, 300.0
1670599177076, 1670599177088, 388.8016095034912, 299.8117324383291, 360.0, 300.0
1670599177102, 1670599177115, 389.32570851948583, 293.1939645270407, 360.0, 300.0
1670599177130, 1670599177142, 389.8498075354805, 286.57619661575234, 360.0, 300.0
1670599177153, 1670599177164, 390.75712630908566, 279.99010050006126, 420.0, 300.0
1670599177181, 1670599177191, 390.94064468035316, 272.3642179880881, 420.0, 300.0
1670599177208, 1670599177218, 390.8429150619249, 266.0577464808521, 420.0, 240.0
1670599177233, 1670599177243, 390.7451854434966, 259.751274973616, 420.0, 240.0
1670599177255, 1670599177267, 390.2962148395395, 253.4134604828341, 420.0, 240.0
1670599177286, 1670599177296, 389.9570269085032, 248.02341514665713, 360.0, 240.0
1670599177311, 1670599177319, 389.2537979268148, 242.60108864411316, 360.0, 240.0
1670599177336, 1670599177342, 388.8553102995545, 237.27160044292233, 360.0, 240.0
1670599177351, 1670599177366, 388.5026016267077, 232.40869384632572, 360.0, 240.0
1670599177379, 1670599177388, 389.3001106157052, 228.14880095886778, 360.0, 240.0
1670599177401, 1670599177410, 389.83444007070045, 225.29361755148517, 360.0, 240.0
1670599177420, 1670599177434, 390.519363302043, 223.42514276318184, 420.0, 240.0
1670599177448, 1670599177458, 390.68114971538705, 222.4808401790304, 420.0, 240.0
1670599177468, 1670599177482, 390.8429361287311, 221.53653759487892, 420.0, 240.0
1670599177494, 1670599177506, 390.8598990224098, 219.56537357233722, 420.0, 240.0
1670599177518, 1670599177529, 391.2169353978857, 217.69343693682416, 420.0, 240.0
1670599177536, 1670599177554, 391.7706956697178, 216.8414954990212, 420.0, 240.0
1670599177570, 1670599177580, 392.44167719506385, 217.03995856692052, 420.0, 240.0
1670599177594, 1670599177604, 393.0351216062027, 216.24040453852987, 420.0, 240.0
1670599177620, 1670599177632, 393.9798070028705, 215.47219349368504, 420.0, 240.0
1670599177649, 1670599177659, 394.9244923995382, 214.70398244884024, 420.0, 240.0
1670599177672, 1670599177682, 396.31075596106524, 214.96606966665237, 420.0, 240.0
1670599177696, 1670599177708, 396.2636485904383, 214.55521713196734, 420.0, 240.0
1670599177724, 1670599177734, 396.2165412198114, 214.14436459728228, 420.0, 240.0
1670599177739, 1670599177756, 395.452448070948, 214.0954324612408, 420.0, 240.0
1670599177768, 1670599177782, 394.34166530815514, 213.50706956799212, 420.0, 240.0
1670599177795, 1670599177809, 392.6627980035147, 211.83658067685207, 420.0, 240.0
1670599177811, 1670599177831, 390.9839306988742, 210.166091785712, 420.0, 240.0
1670599177838, 1670599177861, 389.3050633942337, 208.49560289457196, 360.0, 180.0
1670599177868, 1670599177890, 387.7710196092585, 207.85197544182213, 360.0, 180.0
1670599177904, 1670599177921, 385.3077551731408, 205.9776131842072, 360.0, 180.0
1670599177930, 1670599177944, 382.83912026359604, 204.5371969691735, 360.0, 180.0
1670599177954, 1670599177974, 381.3091938038375, 201.2011947520015, 360.0, 180.0
1670599177983, 1670599178008, 378.95708752736743, 198.6409679623898, 360.0, 180.0
1670599178012, 1670599178055, 376.2870971680752, 194.8606823613581, 360.0, 180.0
1670599178063, 1670599178075, 373.617106808783, 191.08039676032638, 360.0, 180.0
1670599178086, 1670599178100, 370.8749498087106, 185.86814802042346, 360.0, 180.0
1670599178112, 1670599178128, 368.0657598754556, 180.9333966041007, 360.0, 180.0
1670599178137, 1670599178157, 365.2565699422007, 175.9986451877779, 360.0, 180.0
1670599178166, 1670599178182, 362.44738000894574, 171.06389377145513, 360.0, 180.0
1670599178190, 1670599178206, 360.7874037917274, 167.514972326366, 360.0, 180.0
1670599178213, 1670599178232, 359.69551211635667, 165.0481768791683, 360.0, 180.0
1670599178235, 1670599178256, 357.1851499583995, 162.30335253251064, 360.0, 180.0
1670599178256, 1670599178281, 354.67478780044235, 159.55852818585296, 360.0, 180.0
1670599178292, 1670599178306, 351.7926546935721, 156.79250319185059, 360.0, 180.0
1670599178317, 1670599178330, 349.113215434961, 156.35876982964234, 360.0, 180.0
1670599178333, 1670599178356, 346.4391466497769, 155.4910904248529, 360.0, 180.0
1670599178368, 1670599178399, 342.70401810209063, 155.14728437579828, 360.0, 180.0
1670599178403, 1670599178435, 339.9103052961397, 154.64001270029513, 360.0, 180.0
1670599178441, 1670599178464, 336.7492607475955, 156.38462767719415, 360.0, 180.0
1670599178469, 1670599178494, 334.1076431359882, 160.41189694465427, 360.0, 180.0
1670599178515, 1670599178541, 331.52444075740493, 164.4906570744005, 360.0, 180.0
1670599178548, 1670599178564, 329.6754771339151, 168.84717698380055, 300.0, 180.0
1670599178573, 1670599178592, 327.2779902667135, 173.2129862512883, 300.0, 180.0
1670599178592, 1670599178609, 325.0005434037044, 178.65731902701162, 300.0, 180.0
1670599178614, 1670599178635, 322.3911424663129, 182.43654010828524, 300.0, 180.0
1670599178641, 1670599178678, 319.9063557236767, 185.8194072735015, 300.0, 180.0
1670599178685, 1670599178712, 318.8400394636269, 189.4803033381777, 300.0, 180.0
1670599178720, 1670599178737, 317.77372320357716, 193.14119940285389, 300.0, 180.0
1670599178745, 1670599178764, 317.85016821998, 196.8367899379856, 300.0, 180.0
1670599178770, 1670599178790, 317.9298467998586, 199.29992446356238, 300.0, 180.0
1670599178795, 1670599178820, 317.8840213300871, 202.1702513870061, 300.0, 180.0
1670599178821, 1670599178848, 318.2582500442318, 205.44822611686834, 300.0, 180.0
1670599178848, 1670599178877, 318.5907799475599, 209.11190814190883, 300.0, 180.0
1670599178885, 1670599178912, 319.6085256763035, 211.74376232596714, 300.0, 240.0
1670599178912, 1670599178943, 320.10684446811007, 212.09296221946437, 300.0, 240.0
1670599178954, 1670599178971, 320.5384515624349, 213.85462658062264, 300.0, 240.0
1670599178983, 1670599179000, 321.0955627064098, 215.20909854391394, 300.0, 240.0
1670599179013, 1670599179026, 322.2011970940963, 216.55428114911757, 300.0, 240.0
1670599179036, 1670599179051, 323.34804613575267, 216.39228349736456, 300.0, 240.0
1670599179064, 1670599179077, 324.40197932517884, 216.6107759430629, 300.0, 240.0
1670599179091, 1670599179098, 325.9329852745915, 217.17379158321194, 300.0, 240.0
1670599179104, 1670599179123, 327.43126627688525, 216.710272584072, 300.0, 240.0
1670599179128, 1670599179153, 329.6580181549891, 216.24681562678362, 300.0, 240.0
1670599179158, 1670599179194, 330.5477436889615, 215.81822091991413, 360.0, 240.0
1670599179203, 1670599179225, 331.96377381842615, 215.83748582256527, 360.0, 240.0
1670599179227, 1670599179252, 333.66997875589186, 214.99962401874558, 360.0, 240.0
1670599179256, 1670599179278, 335.94221970994965, 214.11340614139615, 360.0, 240.0
1670599179282, 1670599179298, 338.2144606640074, 213.22718826404676, 360.0, 240.0
1670599179304, 1670599179327, 340.428279227216, 213.32784738412866, 360.0, 240.0
1670599179332, 1670599179360, 342.70052018127376, 212.44162950677924, 360.0, 240.0
1670599179368, 1670599179383, 345.63384465066247, 210.52147524191062, 360.0, 240.0
1670599179387, 1670599179406, 348.44166507040114, 209.00851337490894, 360.0, 180.0
1670599179417, 1670599179431, 351.2494854901398, 207.49555150790724, 360.0, 180.0
1670599179442, 1670599179456, 353.89605125171624, 206.4112463896266, 360.0, 180.0
1670599179464, 1670599179480, 355.31842347240047, 205.37922444502894, 360.0, 180.0
1670599179483, 1670599179499, 356.13910873834305, 204.39903322203793, 360.0, 180.0
1670599179515, 1670599179528, 357.19821423596517, 203.96689755310345, 360.0, 180.0
1670599179537, 1670599179558, 357.5712520192142, 202.53207115529128, 360.0, 180.0
1670599179565, 1670599179585, 358.5103258190553, 201.04888868394943, 360.0, 180.0
1670599179588, 1670599179609, 358.9230950234041, 199.11784660308695, 360.0, 180.0
1670599179616, 1670599179635, 359.4261976712178, 197.12122323209, 360.0, 180.0
1670599179644, 1670599179667, 359.6787981327934, 194.60935451967953, 360.0, 180.0
1670599179669, 1670599179688, 360.8122880405285, 190.7611553990423, 360.0, 180.0
1670599179692, 1670599179717, 361.87915546545486, 185.15006104739064, 360.0, 180.0
1670599179721, 1670599179744, 362.90236438720507, 179.61321927666904, 360.0, 180.0
1670599179753, 1670599179765, 363.2674157846551, 174.08030460610075, 360.0, 180.0
1670599179768, 1670599179793, 364.68267647943964, 167.3682515143915, 360.0, 180.0
1670599179795, 1670599179825, 365.08125733430813, 159.6014503973923, 360.0, 180.0
1670599179828, 1670599179844, 365.47983818917663, 151.83464928039317, 360.0, 180.0
1670599179852, 1670599179870, 367.11633637481594, 144.1147745574482, 360.0, 120.0
1670599179876, 1670599179896, 368.75283456045526, 136.3948998345032, 360.0, 120.0
1670599179900, 1670599179926, 370.1836374615338, 129.1535041967907, 360.0, 120.0
1670599179937, 1670599179954, 371.57203720117536, 122.91473724610428, 360.0, 120.0
1670599179964, 1670599179975, 372.96043694081686, 116.67597029541788, 360.0, 120.0
1670599179987, 1670599179999, 374.3351128905798, 110.33799377699428, 360.0, 120.0
1670599180001, 1670599180027, 375.4547846385268, 104.51553285730908, 360.0, 120.0
1670599180028, 1670599180051, 377.68967322333026, 97.75177692943593, 360.0, 120.0
1670599180060, 1670599180073, 378.77199005706257, 91.1586314196302, 360.0, 120.0
1670599180075, 1670599180097, 382.01461489653803, 83.29495386877684, 360.0, 60.0
1670599180104, 1670599180127, 385.2424758483406, 76.34390073442471, 360.0, 60.0
1670599180127, 1670599180149, 391.83403037255454, 67.56260721114779, 420.0, 60.0
1670599180158, 1670599180173, 397.3753755994341, 59.960452109011825, 420.0, 60.0
1670599180183, 1670599180203, 403.93340066622966, 53.41304503216578, 420.0, 60.0
1670599180205, 1670599180222, 410.4914257330252, 46.865637955319734, 420.0, 60.0
1670599180226, 1670599180247, 417.0357270099422, 40.219021310736494, 420.0, 60.0
1670599180252, 1670599180276, 426.3068358616217, 31.599599071273925, 420.0, 60.0
1670599180281, 1670599180303, 430.9054245877124, 27.106578552640958, 420.0, 0.0
1670599180308, 1670599180332, 432.73267884187703, 25.146704517755936, 420.0, 0.0
1670599180333, 1670599180350, 434.5599330960417, 23.186830482870914, 420.0, 0.0
1670599180360, 1670599180378, 434.5809031026274, 23.06362875819625, 420.0, 0.0
1670599180388, 1670599180406, 434.6018731092131, 22.940427033521587, 420.0, 0.0
1670599180409, 1670599180434, 431.6725581403916, 24.44158437324263, 420.0, 0.0
1670599180442, 1670599180461, 429.0149254764819, 27.108461703123012, 420.0, 0.0
1670599180471, 1670599180489, 423.3875179516665, 32.82322702275377, 420.0, 60.0
1670599180497, 1670599180519, 417.76011042685116, 38.537992342384534, 420.0, 60.0
1670599180522, 1670599180546, 408.43571800043657, 44.85539820166822, 420.0, 60.0
1670599180557, 1670599180566, 400.1783860781292, 51.26272274075461, 420.0, 60.0
1670599180579, 1670599180590, 391.9210541558219, 57.670047279841, 420.0, 60.0
1670599180610, 1670599180635, 383.66372223351453, 64.07737181892739, 360.0, 60.0
1670599180645, 1670599180661, 375.4063903112072, 70.48469635801378, 360.0, 60.0
1670599180667, 1670599180687, 365.56530659276984, 76.48977088823494, 360.0, 60.0
1670599180691, 1670599180705, 360.3967429999214, 78.36844369762652, 360.0, 60.0
1670599180709, 1670599180761, 357.9995138789989, 77.71397002327014, 360.0, 60.0
1670599180769, 1670599180790, 355.60228475807645, 77.05949634891377, 360.0, 60.0
1670599180792, 1670599180812, 354.9513554317505, 74.78680859042197, 360.0, 60.0
1670599180817, 1670599180838, 352.4491222034602, 74.62467071925222, 360.0, 60.0
1670599180842, 1670599180860, 351.46642328336657, 74.3430702068179, 360.0, 60.0
1670599180868, 1670599180884, 350.4837243632729, 74.06146969438358, 360.0, 60.0
1670599180886, 1670599180909, 350.79381418682794, 74.00870095983679, 360.0, 60.0
1670599180916, 1670599180930, 351.37199099911686, 73.9179388178333, 360.0, 60.0
1670599180932, 1670599180951, 353.25898794659935, 75.09299162645063, 360.0, 60.0
1670599180953, 1670599180975, 353.7886675787433, 74.99730143652886, 360.0, 60.0
1670599180982, 1670599181002, 355.3095141477048, 74.9734976023751, 360.0, 60.0
1670599181007, 1670599181026, 356.83036071666635, 74.94969376822134, 360.0, 60.0
1670599181037, 1670599181048, 358.3512072856278, 74.92588993406757, 360.0, 60.0
1670599181058, 1670599181075, 360.3416478403733, 76.40232233878469, 360.0, 60.0
1670599181082, 1670599181101, 368.15009347870546, 71.20321172790983, 360.0, 60.0
1670599181105, 1670599181129, 385.00439043134884, 56.74262826774884, 360.0, 60.0
1670599181132, 1670599181150, 401.8586873839922, 42.282044807587845, 420.0, 60.0
1670599181158, 1670599181178, 419.6564467645385, 27.652688515165465, 420.0, 0.0
1670599181186, 1670599181203, 439.30551004704927, 10.91278233542104, 420.0, 0.0
1670599181215, 1670599181229, 491.2930704836544, -31.927206491684235, 480.0, -60.0
1670599181244, 1670599181255, 543.2806309202596, -74.7671953187895, 540.0, -60.0
1670599181271, 1670599181280, 594.9099143420364, -118.8373536389019, 600.0, -120.0
1670599181294, 1670599181304, 647.140864960121, -162.91904272548123, 660.0, -180.0
1670599181323, 1670599181331, 698.3077857190962, -208.13213429101182, 720.0, -180.0
1670599181346, 1670599181387, 717.467726950663, -224.92742756977125, 720.0, -240.0
1670599181401, 1670599181433, 721.8420995281379, -229.40488161096602, 720.0, -240.0
1670599181437, 1670599181465, 726.2164721056126, -233.88233565216078, 720.0, -240.0
1670599181471, 1670599181482, 736.1330396201481, -244.0452040711248, 720.0, -240.0
1670599181495, 1670599181509, 745.3922537260667, -253.26490627559332, 720.0, -240.0
1670599181521, 1670599181533, 753.0721393088205, -258.5166443251265, 780.0, -240.0
1670599181537, 1670599181554, 751.706173577263, -254.5069095253735, 780.0, -240.0
1670599181565, 1670599181581, 750.3402078457055, -250.4971747256205, 780.0, -240.0
1670599181593, 1670599181607, 736.711331026782, -238.41995231199024, 720.0, -240.0
1670599181623, 1670599181634, 721.0499418263767, -224.61310411922116, 720.0, -240.0
1670599181647, 1670599181656, 675.0825678533587, -186.4357990582301, 660.0, -180.0
1670599181670, 1670599181679, 629.1151938803407, -148.258493997239, 600.0, -120.0
1670599181696, 1670599181705, 594.540976809647, -118.09915237620152, 600.0, -120.0
1670599181720, 1670599181728, 559.0970055539113, -87.8902865812404, 540.0, -60.0
1670599181747, 1670599181758, 523.7415353512794, -56.588233408677006, 540.0, -60.0
1670599181771, 1670599181783, 521.5855260744114, -52.47480604915478, 540.0, -60.0
1670599181795, 1670599181816, 524.9015098307942, -54.569381813870535, 540.0, -60.0
1670599181818, 1670599181848, 528.2174935871769, -56.663957578586285, 540.0, -60.0
1670599181853, 1670599181885, 522.6752986501164, -50.97854320081702, 540.0, -60.0
1670599181897, 1670599181916, 516.8958272399201, -45.137677506910144, 540.0, -60.0
1670599181924, 1670599181943, 505.6032459244921, -35.230820912299436, 480.0, -60.0
1670599181951, 1670599181968, 495.2687985977076, -25.256724653395377, 480.0, 0.0
1670599181977, 1670599181996, 484.93435127092306, -15.282628394491317, 480.0, 0.0
1670599182002, 1670599182020, 487.0463388346585, -14.581851821361877, 480.0, 0.0
1670599182026, 1670599182049, 491.18014211228103, -14.591082513180112, 480.0, 0.0
1670599182055, 1670599182079, 494.7114433234147, -14.466004597404742, 480.0, 0.0
1670599182096, 1670599182106, 497.43877080471265, -14.346943572069515, 480.0, 0.0
1670599182122, 1670599182146, 489.2379149262577, -6.971899032022206, 480.0, 0.0
1670599182151, 1670599182183, 481.8541216304961, 0.43297286460963186, 480.0, 0.0
1670599182194, 1670599182208, 474.21776383677457, 8.031721630727443, 480.0, 0.0
1670599182222, 1670599182232, 465.67918145592876, 15.582122241851668, 480.0, 0.0
1670599182249, 1670599182260, 465.4630077591066, 16.950800383881198, 480.0, 0.0
1670599182273, 1670599182286, 466.49695883850313, 16.689033864689545, 480.0, 0.0
1670599182297, 1670599182311, 470.84689367428246, 14.332691580782138, 480.0, 0.0
1670599182324, 1670599182334, 474.4788086273978, 11.752551131115261, 480.0, 0.0
1670599182343, 1670599182360, 481.0748338668286, 5.725071046137078, 480.0, 0.0
1670599182376, 1670599182388, 489.106098268479, -3.191478362734821, 480.0, 0.0
1670599182399, 1670599182415, 497.11900311522277, -11.115762670336713, 480.0, 0.0
1670599182420, 1670599182433, 501.6852568229078, -14.962861072517244, 480.0, 0.0
1670599182450, 1670599182460, 505.486205857208, -19.792999922861085, 480.0, 0.0
1670599182477, 1670599182485, 507.0499644437426, -23.0041942180086, 480.0, 0.0
1670599182503, 1670599182514, 511.7288509449026, -30.066052582482616, 540.0, -60.0
1670599182528, 1670599182540, 516.0217942483454, -35.298846564291104, 540.0, -60.0
1670599182556, 1670599182563, 519.4976749690948, -40.56146790268412, 540.0, -60.0
1670599182584, 1670599182613, 523.2261201878041, -46.017966110563115, 540.0, -60.0
1670599182620, 1670599182657, 526.9545654065134, -51.4744643184421, 540.0, -60.0
1670599182663, 1670599182685, 529.3170272469804, -55.86774372301308, 540.0, -60.0
1670599182691, 1670599182715, 529.5846619934309, -58.60592015271613, 540.0, -60.0
1670599182729, 1670599182742, 529.8522967398816, -61.34409658241919, 540.0, -60.0
1670599182744, 1670599182772, 530.1199314863321, -64.08227301212224, 540.0, -60.0
1670599182789, 1670599182805, 528.6978892912772, -64.73152184656121, 540.0, -60.0
1670599182815, 1670599182835, 525.7871412768521, -61.55395251462934, 540.0, -60.0
1670599182836, 1670599182863, 524.2413886451661, -60.43484540017538, 540.0, -60.0
1670599182866, 1670599182887, 525.0890091643432, -62.137567945321784, 540.0, -60.0
1670599182888, 1670599182911, 530.335543806968, -67.94609464218318, 540.0, -60.0
1670599182923, 1670599182934, 532.7663457998972, -69.70902263700853, 540.0, -60.0
1670599182949, 1670599182966, 526.6226505484188, -59.9500249407757, 540.0, -60.0
1670599182973, 1670599182992, 520.3999249520864, -51.25811170196685, 540.0, -60.0
1670599182999, 1670599183026, 512.6069683021539, -40.444129118150485, 540.0, -60.0
1670599183034, 1670599183051, 504.8140116522212, -29.63014653433412, 480.0, 0.0
1670599183063, 1670599183081, 496.7764795080591, -18.77581213887805, 480.0, 0.0
1670599183091, 1670599183107, 489.5642791583588, -9.04708661091581, 480.0, 0.0
1670599183112, 1670599183130, 483.19678112645613, 0.6569806033997025, 480.0, 0.0
1670599183140, 1670599183157, 476.82928309455343, 10.361047817715216, 480.0, 0.0
1670599183168, 1670599183178, 472.02864131183395, 17.968838413081265, 480.0, 0.0
1670599183183, 1670599183206, 467.2279995291144, 25.576629008447316, 480.0, 0.0
1670599183216, 1670599183279, 461.66139856062887, 32.574361804925374, 480.0, 60.0
1670599183290, 1670599183303, 454.748161764311, 40.63829171761133, 480.0, 60.0
1670599183315, 1670599183332, 447.7063125100133, 48.51500663153335, 420.0, 60.0
1670599183344, 1670599183360, 440.1559722996621, 56.00595672458112, 420.0, 60.0
1670599183367, 1670599183391, 441.4150359586384, 54.48558716113075, 420.0, 60.0
1670599183396, 1670599183410, 448.9374426772325, 45.29997286638884, 420.0, 60.0
1670599183415, 1670599183433, 501.98793187982733, -4.949527461591915, 480.0, 0.0
1670599183443, 1670599183457, 557.4010781439348, -57.41439824992107, 540.0, -60.0
1670599183464, 1670599183478, 7635844863057910.0, -6407234608318417.0, 7635844863057900.0, -6407234608318440.0
1670599183483, 1670599183510, 1.5271689726115262e+16, -1.2814469216636778e+16, 1.527168972611526e+16, -1.281446921663676e+16
1670599183513, 1670599183558, 1.5271689726115196e+16, -1.281446921663673e+16, 1.52716897261152e+16, -1.28144692166367e+16
1670599183582, 1670599183590, 1.527168972611513e+16, -1.2814469216636682e+16, 1.527168972611514e+16, -1.28144692166367e+16
1670599183605, 1670599183639, 1.5271689726115064e+16, -1.2814469216636634e+16, 1.527168972611508e+16, -1.281446921663664e+16
1670599183658, 1670599183673, 1.527168972611499e+16, -1.2814469216636576e+16, 1.527168972611502e+16, -1.281446921663658e+16
1670599183686, 1670599183703, 1.5271689726114918e+16, -1.2814469216636516e+16, 1.52716897261149e+16, -1.281446921663652e+16
1670599183703, 1670599183737, 1.5271689726114844e+16, -1.2814469216636458e+16, 1.527168972611484e+16, -1.281446921663646e+16
1670599183760, 1670599183789, 1.52716897261148e+16, -1.2814469216636428e+16, 1.527168972611478e+16, -1.28144692166364e+16
1670599183795, 1670599183817, 1.5271689726114758e+16, -1.2814469216636398e+16, 1.527168972611478e+16, -1.28144692166364e+16
1670599183819, 1670599183839, 1.527168972611471e+16, -1.2814469216636364e+16, 1.527168972611472e+16, -1.281446921663634e+16
1670599183847, 1670599183868, 1.5271689726114658e+16, -1.2814469216636326e+16, 1.527168972611466e+16, -1.281446921663634e+16
1670599183871, 1670599183892, 1.5271689726114604e+16, -1.2814469216636286e+16, 1.52716897261146e+16, -1.281446921663628e+16
1670599183895, 1670599183917, 1.5271689726114504e+16, -1.2814469216636206e+16, 1.527168972611448e+16, -1.281446921663622e+16
1670599183923, 1670599183943, 1.5271689726114406e+16, -1.2814469216636124e+16, 1.527168972611442e+16, -1.28144692166361e+16
1670599183944, 1670599183987, 7635844863057027.0, -6407234608317751.0, 7635844863057000.0, -6407234608317780.0
1670599183988, 1670599184015, -349.7145870496862, 623.8566773445004, -360.0, 600.0
1670599184018, 1670599184061, -315.5599465333813, 595.8730968248501, -300.0, 600.0
1670599184068, 1670599184086, -281.2127339933078, 569.1115913785247, -300.0, 540.0
1670599184097, 1670599184115, -259.8981147803033, 556.9021402449083, -240.0, 540.0
1670599184121, 1670599184141, -232.47176938399846, 535.4576355913415, -240.0, 540.0
1670599184152, 1670599184169, -205.04542398769365, 514.0131309377747, -180.0, 540.0
1670599184183, 1670599184198, -177.61907859138884, 492.5686262842078, -180.0, 480.0
1670599184213, 1670599184226, -180.662748453616, 499.9524741470719, -180.0, 480.0
1670599184241, 1670599184249, -183.7064183158431, 507.33632200993594, -180.0, 480.0
1670599184251, 1670599184275, -219.98012341847388, 548.378441349963, -240.0, 540.0
1670599184286, 1670599184351, -108.1495064613647, 436.19475953485244, -120.0, 420.0
1670599184351, 1670599184387, 4.988611550905432, 324.1957041701218, 0.0, 300.0
1670599184398, 1670599184412, 117.60156940263747, 210.72539767385243, 120.0, 240.0
1670599184422, 1670599184437, 229.03078285961166, 97.16327710113379, 240.0, 120.0
1670599184449, 1670599184465, 323.16708546307376, -0.6795856669589284, 300.0, 0.0
1670599184478, 1670599184488, 378.22220058472305, -54.82973844786236, 360.0, -60.0
1670599184491, 1670599184512, 440.79169854459883, -116.2815573052198, 420.0, -120.0
1670599184523, 1670599184537, 503.36119650447455, -177.73337616257726, 480.0, -180.0
1670599184547, 1670599184566, 578.9632877914194, -253.73724933264353, 600.0, -240.0
1670599184576, 1670599184593, 654.5653790783642, -329.7411225027098, 660.0, -300.0
1670599184605, 1670599184618, 730.1674703653091, -405.74499567277604, 720.0, -420.0
1670599184628, 1670599184654, 805.7695616522539, -481.7488688428423, 780.0, -480.0
1670599184661, 1670599184687, 881.0916993373817, -558.9838328611656, 900.0, -540.0
1670599184693, 1670599184726, 957.4422184249319, -636.1852927773446, 960.0, -660.0
1670599184735, 1670599184759, 1068.2243009955348, -746.9135251400074, 1080.0, -720.0
1670599184767, 1670599184788, 1030.9020615063978, -704.4159563475326, 1020.0, -720.0
1670599184788, 1670599184829, 993.3232776476849, -663.1632427577048, 1020.0, -660.0
1670599184831, 1670599184865, 956.7890489102597, -621.8458548649098, 960.0, -600.0
1670599184869, 1670599184889, 921.2400177046615, -580.498320013477, 900.0, -600.0
1670599184890, 1670599184914, 885.6909864990633, -539.1507851620444, 900.0, -540.0
1670599184924, 1670599184937, 889.223142775278, -541.4959602978009, 900.0, -540.0
1670599184939, 1670599184953, 891.7447788594222, -543.8435809849557, 900.0, -540.0
1670599184960, 1670599184982, 893.2812174117395, -546.221348630748, 900.0, -540.0
1670599184994, 1670599185004, 883.3015282649462, -537.4535011274003, 900.0, -540.0
1670599185009, 1670599185026, 873.321839118153, -528.6856536240524, 900.0, -540.0
1670599185035, 1670599185056, 853.8441898444262, -512.234749737197, 840.0, -540.0
1670599185058, 1670599185072, 831.5535557529937, -491.54122574027855, 840.0, -480.0
1670599185087, 1670599185100, 807.1372835677499, -463.97601048596187, 780.0, -480.0
1670599185116, 1670599185137, 780.5599719077285, -434.5154684131965, 780.0, -420.0
1670599185143, 1670599185160, 752.8488163071428, -404.74859336172625, 780.0, -420.0
1670599185171, 1670599185184, 725.1376607065571, -374.981718310256, 720.0, -360.0
1670599185196, 1670599185222, 697.6830494755473, -343.9699880561387, 720.0, -360.0
1670599185226, 1670599185245, 669.5887797977276, -313.28536751005066, 660.0, -300.0
1670599185260, 1670599185289, 640.5093125880809, -282.63089392260036, 660.0, -300.0
1670599185295, 1670599185314, 611.9302339261968, -252.30313359689563, 600.0, -240.0
1670599185324, 1670599185345, 583.3511552643128, -221.9753732711909, 600.0, -240.0
1670599185349, 1670599185396, 555.376354367357, -193.08986005360296, 540.0, -180.0
1670599185406, 1670599185422, 527.7703800226918, -163.7375113187751, 540.0, -180.0
1670599185431, 1670599185467, 511.6805333771372, -145.53077773308746, 540.0, -120.0
1670599185473, 1670599185497, 496.7233448039377, -129.25287506799305, 480.0, -120.0
1670599185500, 1670599185510, 502.0384894840394, -135.41383103243513, 480.0, -120.0
1670599185529, 1670599185540, 506.4383492733071, -141.95126869978085, 480.0, -120.0
1670599185551, 1670599185590, 516.9720704667427, -157.99544518342714, 540.0, -180.0
1670599185593, 1670599185620, 528.6384497325336, -175.96845258766663, 540.0, -180.0
1670599185623, 1670599185655, 541.4386729388888, -194.24779297061102, 540.0, -180.0
1670599185669, 1670599185699, 560.4347948842278, -218.94864336375608, 540.0, -240.0
1670599185706, 1670599185726, 579.4309168295669, -243.64949375690114, 600.0, -240.0
1670599185750, 1670599185781, 598.0221421004279, -268.0879087449841, 600.0, -240.0
1670599185786, 1670599185805, 610.4174686323053, -286.10481372286637, 600.0, -300.0
1670599185811, 1670599185829, 618.5841369078803, -299.9288670318437, 600.0, -300.0
1670599185840, 1670599185860, 630.6764087051513, -316.40964921477087, 660.0, -300.0
1670599185863, 1670599185882, 642.1644027374941, -331.4481842895812, 660.0, -360.0
1670599185889, 1670599185907, 660.4286379056703, -357.1546851046701, 660.0, -360.0
1670599185917, 1670599185926, 678.6928730738464, -382.8611859197589, 660.0, -360.0
1670599185935, 1670599185954, 689.2823256070578, -399.3473246941185, 660.0, -420.0
1670599185966, 1670599185982, 685.1657267896952, -396.6856398365415, 660.0, -420.0
